Key,English(en),French(fr),German(de),Hindi(hi),Italian(it),Polish(pl),Russian(ru),Spanish(es),Ukrainian(uk),Turkish(tr)
init.age_unit,winter cycles,cycles d'hiver,Winterzyklen,शीतकालीन चक्र,cicli invernali,cykle zimowe,зимних циклов,ciclos de invierno,зимових циклів,kış döngüsü
term.user_entity,Master,Maître,Meister,मास्टर,Maestro,Mistrz,Мастер,Maestro,Майстер,Usta
term.currency,Horas,Horas,Horas,Horas,Horas,Horas,Horas,Horas,Horas,Horas
term.hub_space,Nexus,Nexus,Nexus,नेक्सस,Nexus,Nexus,Нексус,Nexus,Нексус,Nexus
term.search_action,Symmetry,Symétrie,Symmetrie,समरूपता,Simmetria,Symetria,Симметрия,Simetría,Симетрія,Simetri
term.active_interaction,Harmony,Harmonie,Harmonie,तालमेल,Armonia,Harmonia,Гармония,Armonía,Гармонія,Uyum
term.active_interaction.business,SYNERGY,SYNERGIE,SYNERGIE,तालमेल,SINERGIA,SYNERGIA,СИНЕРГИЯ,SINERGIA,СИНЕРГІЯ,SİNERJİ
term.active_interaction.casual,CHILLIN,DÉTENTE,CHILLEN,чилिन,CHILLIN,CHILLIN,ЧИЛЛИН,CHILLIN,ЧІЛЛІН,CHILLIN
term.active_interaction.tech,PROCESS_SYNC,SYNC_PROCESSUS,SYNC_PROZESS,प्रक्रिया_सिнк,SYNC_PROCESSO,SYNC_PROCESU,СИНХ_ПРОЦЕССА,SYNC_PROCESO,СИНХ_ПРОЦЕСУ,SÜREÇ_SENK
term.reputation,Status,Statut,Status,स्थिति,Status,Status,Статус,Estado,Статус,Statü
term.social_feed,Convergence,Convergence,Konvergenz,अभिसरण,Convergenza,Konwergencja,Конвергенция,Convergencia,Конвергенція,Yakınsama
term.avatar,Visage,Visage,Antlitz,चेहरे,Volto,Oblicze,Облик,Rostro,Образ,Görünüm
term.profile,Aura,Aura,Aura,औरा,Aura,Aura,Аура,Aura,Аура,Aura
term.profile.business,NETWORKING,RÉSEAUTAGE,NETZWERK,नेटवर्किंग,NETWORKING,NETWORKING,НЕТВОРКИНГ,NETWORKING,НЕТВОРКІНГ,AĞ KURMA
term.profile.casual,MY VIBE,MON VIBE,MEIN VIBE,मेरा वाइб,IL MIO VIBE,MÓJ VIBE,МОЙ ВАЙБ,MI VIBE,МІЙ ВАЙБ,VIBE'IM
term.profile.tech,USER_DATA,DONNÉES_UTILISATEUR,BENUTZERDATEN,उपयोगकर्ता_डेटा,DATI_UTENTE,DANE_UŻYTKOWNIKA,ДАННЫЕ_ПОЛЬЗОВАТЕЛЯ,DATOS_USUARIO,ДАНІ_КОРИСТУВАЧА,KULLANICI_VERISI
term.post,Chronicle,Chronique,Chronik,कालक्रम,Cronaca,Kronika,Хроника,Crónica,Хроніка,Kronoloji
term.feed,Feed,Flux,Feed,फीड,Flusso,Strumień,Лента,Flujo,Стрічка,Akış
term.story,Fate,Destin,Schicksal,भाग्य,Destino,Los,Судьба,Destino,Доля,Kader
term.login,Initiate Harmony,Initiation de l'Harmonie,Einweihung der Harmonie,हार्मोні आरंभ करें,Inizia l'Armonia,Rozpocznij Harmonię,Инициировать Гармонию,Iniciar Armonía,Започаткувати Гармонію,Uyumu Başlat
term.login.mystic,START RITUAL,COMMENCER LE RITUEL,RITUAL BEGINNEN,अनुष्ठान शुरू करें,INIZIA RITUALE,ROZPOCZNIJ RYTUAŁ,НАЧАТЬ РИТУАЛ,INICIAR RITUAL,ПОЧАТИ РИТУАЛ,RİTÜELİ BAŞLAT
term.login.business,LOG IN,SE CONNECTER,ANMELDEN,लॉग इन करें,ACCEDI,ZALOGUJ SIĘ,ВОЙТИ,INICIAR SESIÓN,УВІЙТИ,GİRİŞ YAP
term.login.casual,LET'S GO!,C'EST PARTI !,AUF GEHT'S!,चलो चलें!,ANDIAMO!,LECIMY!,ПОГНАЛИ!,¡VAMOS!,ПОГНАЛИ!,HAYDİ!
term.login.tech,LOGIN_SYSTEM,SYSTEM_LOGIN,SYSTEM_ANMELDUNG,लॉगिन_система,LOGIN_SISTEMA,LOGOWANIE_SYSTEMU,ВХОД_В_СИСТЕМУ,INICIO_SISTEMA,ВХІД_У_СИСТЕМУ,SİSTEME_GİRİŞ
term.like,Transform,Transformer,Transformieren,रूपांतरित करें,Trasformare,Transformować,Трансформировать,Transformar,Трансформувати,Dönüştür
term.comment,Connection,Connexion,Verbindung,संबंध,Connessione,Połączenie,Связь,Conexión,Зв'язок,Bağlantı
term.share,Resonate,Résonner,Resonieren,अनुरणन,Risonare,Rezonować,Резонировать,Resonar,Резонувати,Rezonans
term.follow,Align,Aligner,Ausrichten,संरेखित करें,Allineare,Wyrównać,Выровнять,Alinear,Вирівняти,Hizala
term.phone_number,Phone Number,Numéro de téléphone,Telefonnummer,फ़ोन नंबर,Numero di telefono,Numer telefonu,Номер телефона,Número de teléfono,Номер телефону,Telefon Numarası
term.phone_number.mystic,Digital Signature,Signature numérique,Digitale Signatur,डिजिटल हस्ताक्षर,Firma digitale,Cyfrowy podpis,Цифровая подпись,Firma digital,Числовий відбиток,Dijital İmza
term.phone_number.business,Phone Number,Numéro de téléphone,Telefonnummer,फ़ोन नंबर,Numero di telefono,Numer telefonu,Номер телефона,Número de teléfono,Номер телефону,Telefon Numarası
term.phone_number.casual,Your Number,Ton numéro,Deine Nummer,Deine Nummer,Il tuo numero,Twój numer,Твой номер,Tu número,Твій номер,Numaran
term.phone_number.tech,PHONE_ID,ID_TÉLÉPHONE,TELEFON_ID,फोन_आईडी,ID_TELEFONO,ID_TELEFONU,ID_ТЕЛЕФОНУ,ID_TELÉFONO,ID_ТЕЛЕФОНУ,TELEFON_ID
term.logout,Dissolution,Dissolution,Auflösung,वियोजन,Dissoluzione,Rozwiązanie,Растворение,Disolución,Розчинення,Çözülme
term.register,Awakening,Éveil,Erwachen,जागरण,Risveglio,Przebudzenie,Пробуждение,Despertar,Пробудження,Uyanış
term.welcome,The Temple Opens,Le Temple s'ouvre,Der Tempel öffnet sich,मंदिर खुलता है,Il Tempio si apre,Świątynia się otwiera,Храм відкривається,El Templo se abre,Храм відкривається,Tapınak Açılıyor
msg.temple_awaits,The temple awaits your presence.,Le temple attend votre présence.,Der Tempel erwartet deine Anwesenheit.,मंदिर आपकी उपस्थिति की प्रतीक्षा कर रहा है।,Il tempio attende la tua presenza.,Świątynia czeka na twoją obecność.,Храм ожидает вашего присутствия.,El templo espera tu presencia.,Храм чекає на вашу присутність.,Tapınak sizi bekliyor.
msg.temple_awaits.mystic,The threshold of eternity awaits your presence.,Le seuil de l'éternité attend votre présence.,Die Schwelle der Ewigkeit erwartet deine Gegenwart.,अनंतता की दहलीज आपकी उपस्थिति की प्रतीक्षा कर रही है।,La soglia dell'eternità attende la tua presenza.,Próg wieczności czeka na twoją obecność.,Порог вечности ожидает вашего присутствия.,El umbral de la eternidad espera tu presencia.,Поріг вічності чекає на вашу присутність.,Sonsuzluğun eşiği varlığınızı bekliyor.
msg.temple_awaits.business,Awaiting user authentication.,En attente de l'authentification de l'utilisateur.,Warten auf Benutzerauthentifizierung.,उपयोगकर्ता प्रमाणीकरण की प्रतीक्षा है।,In attesa dell'autenticazione utente.,Oczekiwanie na uwierzytelnienie użytkownika.,Ожидание аутентификации пользователя.,Esperando autenticación de usuario.,Очікування автентифікації користувача.,Kullanıcı kimlik doğrulaması bekleniyor.
msg.temple_awaits.casual,"The door's open, come on in!","La porte est ouverte, entre !","Die Tür ist offen, komm rein!","दरवाजा खुला है, अंदर आ जाओ!","La porta è aperta, entra pure!","Drzwi są otwarte, wchodź!","Дверь открыта, заходи!","¡La puerta está abierta, entra!","Двері відчинені, заходь!","Kapı açık, gel içeri!"
msg.temple_awaits.tech,WAITING_FOR_CLIENT_HANDSHAKE...,ATTENTE_HANDSHAKE_CLIENT...,WARTE_AUF_CLIENT_HANDSHAKE...,क्लाइंट_हैंडशेक_की_प्रतीक्षा...,IN_ATTESA_DI_HANDSHAKE_CLIENT...,OCZEKIWANIE_NA_HANDSHAKE_KLIENTA...,ОЖИДАНИЕ_ХЕНДШЕЙКА_КЛИЕНТА...,ESPERANDO_HANDSHAKE_CLIENTE...,ОЧІКУВАННЯ_ХЕНДШЕЙКУ_КЛІЄНТА...,CLIENT_HANDSHAKE_BEKLENIYOR...
msg.signal_clear,Your signal resonates with clarity.,Votre signal résonne avec clarté.,Dein Signal schwingt klar.,आपका सिग्नल स्पष्टता से अनुरणित हो रहा है।,Il tuo segnale risuona con chiarezza.,Twój sygnał rezonuje z jasnością.,Ваш сигнал резонирует с ясностью.,Tu señal resuena con claridad.,Ваш сигнал резонує з ясністю.,Sinyaliniz netlikle rezonans yapıyor.
msg.signal_unclear,The signal is unclear. Please verify your phone number.,Le signal n'est pas clair. Veuillez vérifier votre numéro de téléphone.,Das Signal ist unklar. Bitte überprüfe deine Telefonnummer.,सिग्नल अस्पष्ट है। कृपया अपना फोन नंबर सत्यापित करें।,Il segnale non è chiaro. Verifica il tuo numero di telefono.,Sygnał jest niejasny. Zweryfikuj swój номер telefonu.,"Сигнал неясен. Пожалуйста, проверьте ваш номер телефона.",La señal no es clara. Por favor verifica tu número de teléfono.,"Сигнал неясний. Будь ласка, перевірте свій номер телефону.",Sinyal belirsiz. Lütfen telefon numaranızı doğrulayın.
msg.convergence_begins,The convergence begins...,La convergence commence...,Die Konvergenz beginnt...,अभिसरण शुरू हो रहा है...,La convergenza inizia...,Konwergencja się rozpoczyna...,Конвергенция начинается...,La convergencia comienza...,Конвергенція починається...,Yakınsama başlıyor...
msg.welcome_adept,Welcome. The temple opens for you.,Bienvenue. Le temple s'ouvre pour vous.,Willkommen. Der Tempel öffnet sich für dich.,स्वागत है। मंदिर आपके लिए खुलता है।,Benvenuto. Il tempio si apre per te.,Witaj. Świątynia otwiera się dla ciebie.,Добро пожаловать. Храм открывается для вас.,Bienvenido. El templo se abre para ti.,Ласкаво просимо. Храм відкривається для вас.,Hoş geldiniz. Tapınak sizin için açılıyor.
msg.ritual_interrupted,The ritual was interrupted.,Le rituel a été interrompu.,Das Ritual wurde unterbrochen.,रituал बाधित हुआ।,Il rituale è stato interrotto.,Rytuał został przerwany.,Ритуал был прерван.,El ritual fue interrumpido.,Ритуал був перерваний.,Ritüel kesintiye uğradı.
msg.connection_falters,The connection falters. Please try again.,La connexion faiblit. Veuillez réessayer.,Die Verbindung bricht ab. Bitte versuche es erneut.,कनेक्शन कमजोर हो रहा है। कृपया पुनः प्रयास करें।,La connessione vacilla. Per favore riprova.,Połączenie słabnie. Spróbuj ponownie.,"Соединение слабеет. Пожалуйста, попробуйте снова.",La conexión falla. Por favor intenta de nuevo.,"З'єднання слабшає. Будь ласка, спробуйте знову.",Bağlantı zayıflıyor. Lütfen tekrar deneyin.
msg.disturbance,A disturbance in the flow. Please try again.,Une perturbation dans le flux. Veuillez réessayer.,Eine Störung im Fluss. Bitte versuche es erneut.,प्रवाह में व्यवधान। कृपया पुनः प्रयास करें।,Un disturbo nel flusso. Per favore riprova.,Zakłócenie в przepływie. Spróbuj ponownie.,"Нарушение в потоке. Пожалуйста, попробуйте снова.",Una perturbación en el flujo. Por favor intenta de nuevo.,"Порушення у потоці. Будь ласка, спробуйте знову.",Akışta bir bozulma. Lütfen tekrar deneyin.
msg.seeking_convergence,Initiating Harmony...,Initiation de l'Harmonie...,Harmonie wird eingeleitet...,हार्मोनी शुरू हो रही है...,Iniziando l'Armonia...,Inicjowanie Harmonii...,Инициация Гармонии...,Iniciando Armonía...,Ініціація Гармонії...,Uyum başlatılıyor...
ui.vector_display,{0} Horas,{0} Horas,{0} Horas,{0} Horas,{0} Horas,{0} Horas,{0} Horas,{0} Horas,{0} Horas,{0} Horas
ui.vector_per_hour,Horas: ${0} /hr,Horas : ${0} /h,Horas: ${0} /Std,Horas: ${0} /hr,Horas: ${0} /ora,Horas: ${0} /godz,Horas: ${0} /ч,Horas: ${0} /h,Horas: ${0} /год,Horas: ${0} /saat
ui.resonance_question,How synchronous was the exchange of {0} Horas?,Dans quelle mesure l'échange de {0} Horas était-il synchrone ?,Wie synchron war der Austausch von {0} Horas ?,{0} Horas के आदान-प्रदान की कितनी समरूपता थी ?,Quanto è stato sincrono lo scambio di {0} Horas ?,Jak synchroniczna była wymiana {0} Horas ?,Насколько синхронным был обмен {0} Horas ?,¿Qué tan sincrónico fue el intercambio de {0} Horas ?,Наскільки синхронним був обмін {0} Horas ?,{0} Horas değişimi ne kadar senkrondu ?
ui.mission_widget_title,Mission for Level {0},Mission pour le niveau {0},Mission für Level {0},स्तर {0} के लिए मिशन,Missione per il livello {0},Misja dla poziomu {0},Задания для уровня {0},Misión para el nivel {0},Завдання для рівня {0},Seviye {0} için görev
msg.gratitude_prompt,Leave a Word of Gratitude.,Laissez un mot de gratitude.,Hinterlasse ein Wort der Dankbarkeit.,कृतज्ञता का शब्द छोड़ें।,Lascia una parola di gratitudine.,Zostaw słowo wdzięczności.,Оставьте слово благодарности.,Deja una palabra de gratitud.,Залишіть слово подяки.,Bir şükran kelimesi bırakın.
term.legacy,Master's Legacy,Héritage du Maître,Das Vermächtnis des Meisters,मास्टर की विरासत,L'eredità del Maestro,Dziedzictwo Mistrza,Наследие Мастера,Legado del Maestro,Спадщина Майстра,Ustanın Mirası
term.word_of_gratitude,Word of Gratitude,Mot de gratitude,Wort der Dankbarkeit,कृतज्ञता का शब्द,Parola di gratitudine,Słowo wdzięczności,Слово благодарности,Palabra de gratitud,Слово подяки,Şükran Sözü
radar.ready,READY FOR SYMMETRY,PRÊT POUR LA SYMÉTRIE,BEREIT FÜR SYMMETRIE,समरूपता के लिए तैयार,PRONTO PER LA SIMMETRIA,GOTOWY DO SYMETRII,ГОТОВ К СИММЕТРИИ,LISTO PARA LA SIMETRÍA,ГОТОВИЙ ДО СИМЕТРІЇ,SİMETRİ İÇİN HAZIR
radar.searching,SEARCHING FOR SYMMETRY...,RECHERCHE DE SYMÉTRIE...,SUCHE NACH SYMMETRIE...,समरूपता की खोज...,RICERCA DELLA SIMMETRIA...,WYSZUKIWANIE SYMETRII...,ПОИСК СИММЕТРИИ...,BUSCANDO SIMETRÍA...,ПОШУК СИМЕТРІЇ...,SİMETRİ ARANIYOR...
radar.stop,STOP SCAN,ARRÊTER LE SCAN,SCAN STOPPEN,स्कैन रोकें,FERMA SCANSIONE,ZATRZYMAJ SKANOWANIE,ОСТАНОВИТЬ СКАНИРОВАНИЕ,DETENER ESCANEO,ЗУПИНИТИ СКАНУВАННЯ,TARAMAYI DURDUR
radar.located,SYMMETRY LOCATED: {0},SYMÉTRIE LOCALISÉE : {0},SYMMETRIE GEFUNDEN: {0},समरूपता स्थित: {0},SIMMETRIA INDIVIDUATA: {0},SYMETRIA ZNALEZIONA: {0},СИММЕТРИЯ ОБНАРУЖЕНА: {0},SIMETRÍA LOCALIZADA: {0},СИМЕТРІЮ ЗНАЙДЕНО: {0},SİMETRİ BULUNDU: {0}
radar.init,INITIATING PULSE...,INITIALISATION DE L'IMPULSION...,IMPULS STARTET...,पल्स शुरू हो रहा है...,AVVIO DELL'IMPULSO...,INICJOWANIE IMPULSU...,ЗАПУСК ИМПУЛЬСА...,INICIANDO PULSO...,ІНІЦІАЦІЯ ІМПУЛЬСУ...,PULS BAŞLATILIYOR...
vault.horas_balance,HORAS BALANCE,SOLDE HORAS,HORAS KONTO,होरास बैलेंस,SALDO HORAS,SALDO HORAS,БАЛАНС HORAS,SALDO HORAS,БАЛАНС HORAS,HORAS BAKİYESİ
vault.legacy,SYMMETRIES,SYMÉTRIES,SYMMETRIEN,समरूपता,SIMMETRIE,SYMETRIE,СИММЕТРИИ,SIMETRÍAS,СИМЕТРІЇ,SİMETRİLER
term.phone_placeholder,+380 00 000 0000,+33 0 00 00 00 00,+49 000 00000000,+91 00000 00000,+39 000 000 0000,+48 000 000 000,+7 000 000 00 00,+34 000 000 000,+380 00 000 0000,+90 000 000 00 00
essence.header,RESONATE YOUR AURA,RÉSONNE TON AURA,RESONIERE DEINE AURA,अपनी औरा को अनुरणित करें,RISONA LA TUA AURA,ZAREZONUJ SWOJĄ AURĘ,РЕЗОНИРУЙ СВОЕЙ АУРОЙ,RESONA TU AURA,ПРОЯВИ СВОЮ АУРУ,ÖZÜNÜ REZONANSA GETİR
essence.gifts,AURA COLORS (OFFER),COULEURS D'AURA (OFFRE),AURA-FARBEN (ANGEBOT),औरा रंग (प्रस्ताव),COLORI DELL'AURA (OFFRO),KOLORY AURY (OFERUJĘ),ЦВЕТА АУРЫ (ПРЕДЛАГАЮ),COLORES DE AURA (OFREZCO),КОЛЬОРИ АУРИ (ПРОПОНУЮ),AURA RENKLERİ (TEKLİF)
essence.seeks,AURA COLORS (NEEDS),COULEURS D'AURA (BESOINS),AURA-FARBEN (BEDÜRFNISSE),औरा रंग (आवश्यकताएँ),COLORI DELL'AURA (BISOGNI),KOLORY AURY (POTRZEBY),ЦВЕТА АУРЫ (ПОТРЕБНОСТИ),COLORES DE AURA (NECESIDADES),КОЛЬОРИ АУРИ (ПОТРЕБИ),AURA RENKLERİ (İHTİYAÇLAR)
essence.custom,FORGE YOUR OWN PATH,FORGE TON PROPRE CHEMIN,SCHMIEDE DEINEN EIGENEN WEG,अपना स्वयं का मार्ग गढ़ें,FORGIA IL TUO CAMMINO,KOWAL SWOJĄ WŁASNĄ ŚCIEŻKĘ,КУЙ СВОЙ СОБСТВЕННЫЙ ПУТЬ,FORJA TU PROPIO CAMINO,СТВОРІТЬ ВЛАСНИЙ ШЛЯХ,KENDİ YOLUNU DÖV
essence.confirm,ACTIVATE AURA,ACTIVER L'AURA,AURA AKTIVIEREN,औरा सक्रिय करें,ATTIVA AURA,AKTYWUJ AURĘ,АКТИВИРОВАТЬ АУРУ,ACTIVAR AURA,АКТИВУВАТИ АУРУ,AURA'YI AKTİFLEŞTİR
essence.visage_hint,A Visage draws Harmony closer,Un Visage rapproche l'Harmonie,Ein Antlitz bringt Harmonie näher,चेहरा सद्भाव को करीब लाता है,Un Visage avvicina l'Armonia,Oblicze przybliża Harmonię,Лик приближает Гармонию,Un Visage acerca la Armonía,Обличчя наближає Гармонію,Bir sima Uyumu yakınlaştırır
essence.visage_required,A Visage is required to seal this Symmetry,Un Visage est requis pour sceller cette Symétrie,"Ein Antlitz ist erforderlich, um diese Symmetrie zu besiegeln",इस समरूपता को सील करने के लिए चेहरा आवश्यक है,È richiesto un Visage per sigillare questa Simmetria,"Oblicze jest wymagane, aby przypieczętować tę Symetrię",Для скрепления этой Симметрии требуется Лик,Se requiere un Visage para sellar esta Simetría,Для закріплення цієї Симетрії потрібне Обличчя,Bu Simetriyi mühürlemek için bir sima gereklidir
nav.radar,RADAR,RADAR,RADAR,रडार,RADAR,RADAR,РАДАР,RADAR,РАДАР,RADAR
nav.feed,FEED,FLUX,FEED,फीड,Flusso,Strumień,Лента,Flujo,Стрічка,Akış
nav.vault,VAULT,CHAMBRE FORTE,VAULT,वॉल्ट,VAULT,Skarbiec,Хранилище,Bóveda,Сховище,Kasa
tag.code,Code,Code,Code,कोड,Codice,Kod,Код,Código,Код,Kod
tag.design,Design,Design,Design,डिज़ाइन,Design,Projektowanie,Дизайн,Diseño,Дизайн,Tasarım
tag.writing,Writing,Écriture,Schreiben,लेखन,Scrittura,Pisanie,Письмо,Escritura,Письмо,Yazı
tag.healing,Healing,Guérison,Heilung,उपचार,Guarigione,Uzdrawianie,Исцеление,Curación,Зцілення,İyileşme
tag.strategy,Strategy,Stratégie,Strategie,रणनीति,Strategia,Strategia,Стратегия,Estrategia,Стратегія,Strateji
tag.art,Art,Art,Kunst,कला,Arte,Sztuka,Искусство,Arte,Мистецтво,Sanat
tag.visionary,Visionary,Visionnaire,Visionär,दूरदर्शी,Visionario,Wizjoner,Визионер,Visionario,Візіонер,Vizyoner
tag.music,Music,Musique,Musik,संगीत,Musica,Muzyka,Музыка,Música,Музика,Müzik
tag.crypto,Crypto,Crypto,Krypto,क्रिप्टो,Cripto,Krypto,Крипто,Cripto,Крипто,Kripto
radar.masters_near,MASTERS NEARBY,MAÎTRES À PROXIMITÉ,MEISTER IN DER NÄHE,आस-पास के मास्टर,MAESTRI NELLE VICINANZE,MISTRZOWIE W POBLIŻU,МАСТЕРОВ РЯДОМ,MAESTROS CERCANOS,МАЙСТРІВ ПОРУЧ,YAKINDAKİ USTALAR
radar.start_pulse,RESONATE,RÉSONNER,RESONIEREN,अनुरणन,RISONA,RESONUJ,РЕЗОНИРОВАТЬ,RESONAR,РЕЗОНУВАТИ,REZONANS KUR
init.err_short,The path requires a longer number...,Le chemin nécessite un numéro plus long...,Der Pfad erfordert eine längere Nummer...,पथ के लिए लंबा नंबर आवश्यक है...,Il percorso richiede un numero più lungo...,Ścieżka wymaga dłuższego numeru...,Путь требует более длинного номера...,El camino requiere un número más largo...,Шлях вимагає довшого номера...,Yol daha uzun bir numara gerektiriyor...
init.err_short.mystic,The path requires a deeper vibration...,Le chemin nécessite une vibration plus profonde...,Der Pfad erfordert eine tiefere Schwingung...,पथ के लिए गहरी कंपन की आवश्यकता है...,Il percorso richiede una vibrazione più profonda...,Ścieżka wymaga głębszej wibracji...,Путь требует более глубокой вибрации...,El camino requiere una vibración más profunda...,Шлях вимагає глибшої вібрації...,Yol daha derin bir titreşim gerektiriyor...
init.err_short.business,Input invalid. Minimum length not met.,Entrée invalide. Longueur minimale non atteinte.,Eingabe ungültig. Mindestlänge nicht erreicht.,इनपुट अमान्य। न्यूनतम लंबाई पूरी नहीं हुई।,Input non valido. Lunghezza minima non raggiunta.,Nieprawidłowe dane. Nie osiągnięto minimalnej długości.,Недопустимый ввод. Минимальная длина не соблюдена.,Entrada no válida. No se cumple la longitud mínima.,Некоректне введення. Не дотримано мінімальної довжини.,Geçersiz giriş. Minimum uzunluk karşılanmadı.
init.err_short.casual,"Whoops, too short! Add some more numbers.","Oups, trop court ! Ajoute d'autres chiffres.","Hoppla, zu kurz! Füge noch ein paar Zahlen hinzu.","ओह, बहुत छोटा! कुछ और नंबर जोड़ें।","Ops, troppo corto! Aggiungi altri numeri.","Ups, za krótkie! Dodaj więcej cyfr.","Ой, слишком коротко! Добавь еще цифр.","¡Uy, muy corto! Añade algunos números más.","Ой, занадто коротко! Додай ще цифр.","Hoppala, çok kısa! Biraz daha numara ekle."
init.err_short.tech,ERR_INPUT_LENGTH_INSUFFICIENT,ERR_LONGUEUR_ENTRÉE_INSUFFISANTE,ERR_EINGABELÄNGE_UNZUREICHEND,त्रुटि_इनपुट_लंबाई_अपर्याप्त,ERR_LUNGHEZZA_INPUT_INSUFFICIENTE,ERR_NIEWYSTARCZAJĄCA_DŁUGOŚĆ_DANYCH,ОШИБКА_НЕДОСТАТОЧНАЯ_ДЛИНА_ВВОДА,ERR_LONGITUD_ENTRADA_INSUFICIENTE,ПОМИЛКА_НЕДОСТАТНЯ_ДОВЖИНА_ВВОДУ,HATA_GIRIS_UZUNLUGU_YETERSIZ
init.loading,OPENING THE PORTAL...,OUVERTURE DU PORTAIL...,PORTAL WIRD GEÖFFNET...,पोर्टल खोला जा रहा है...,APERTURA DEL PORTALE...,OTWIERANIE PORTALU...,ОТКРЫТИЕ ПОРТАЛА...,ABRIENDO EL PORTAL...,ВІДКРИТТЯ ПОРТАЛУ...,PORTAL AÇILIYOR...
init.loading.mystic,INVOKING SYMMETRY...,INVOCATION DE LA SYMÉTRIE...,SYMMETRIE WIRD BESCHWOREN...,समरूपता का आह्वान...,INVOCAZIONE DELLA SIMMETRIA...,PRZYWOŁYWANIE SYMETRII...,ПРИЗЫВ СИММЕТРИИ...,INVOCANDO SIMETRÍA...,ЗАКЛИКАННЯ СИМЕТРІЇ...,SİMETRİ ÇAĞRILIYOR...
init.loading.business,CONNECTING TO NETWORK...,CONNEXION AU RÉSEAU...,VERBINDUNG ZUM NETZWERK...,नेटवर्क से जुड़ रहा है...,CONNESSIONE ALLA RETE...,ŁĄCZENIE Z SIECIĄ...,ПОДКЛЮЧЕНИЕ К СЕТИ...,CONECTANDO A LA RED...,ПІДКЛЮЧЕННЯ ДО МЕРЕЖІ...,AĞA BAĞLANILIYOR...
init.loading.casual,"Hanging on, almost there...","Attends un peu, on y est presque...","Einen Moment noch, gleich fertig...","रुके रहें, बस पहुंचने वाले हैं...","Resisti, ci siamo quasi...","Czekaj, już prawie jesteśmy...","Держись, почти готово...","¡Espera, ya casi estamos!","Тримайся, майже готово...","Dayan, az kaldı..."
init.loading.tech,INITIALIZING_CORE_SERVICES...,INITIALISATION_SERVICES_CENTRAUX...,KERN_DIENSTE_WERDEN_INITIALISIERT...,कोर_सेवाओं_को_आरंभ_किया_जा_رहा_है...,INIZIALIZZAZIONE_SERVIZI_CORE...,INICJOWANIE_USŁUG_RDZENIOWYCH...,ИНИЦИАЛИЗАЦИЯ_ЯДЕРНЫХ_СЕРВИСОВ...,INICIALIZANDO_SERVICIOS_NÚCLEO...,ІНІЦІАЛІЗАЦІЯ_ЯДЕРНЫХ_СЕРВИСОВ...,CEKIRDEK_SERVISLER_BAŞLATILIYOR...
init.err_failed,The portal remains closed. Try again.,Le portail reste fermé. Réessayez.,Das Portal bleibt geschlossen. Versuche es erneut.,पोर्टल बंद रहता है। पुनः प्रयास करें।,Il portale rimane chiuso. Riprova.,Portal pozostaje zamknięty. Spróbuj ponownie.,Портал остается закрытым. Попробуйте снова.,El portal permanece cerrado. Inténtalo de nuevo.,Портал залишається закритим. Спробуй ще раз.,Portal kapalı kalıyor. Tekrar deneyin.
init.err_failed.mystic,The stars are misaligned. Try again.,Les étoiles sont désalignées. Réessayez.,Die Sterne stehen ungünstig. Versuche es erneut.,तारे संरेखित नहीं हैं। पुनः प्रयास करें।,Le stelle sono disallineate. Riprova.,Gwiazdy nie sprzyjają. Spróbuj ponownie.,Звезды не сошлись. Попробуйте снова.,Las estrellas están desalineadas. Inténtalo de nuevo.,Зірки не зійшлися. Спробуй ще раз.,Yıldızlar hizalı değil. Tekrar deneyin.
init.err_failed.business,Connection failed. Please retry.,La connexion a échoué. Veuillez réessayer.,Verbindung fehlgeschlagen. Bitte versuche es erneut.,कनेक्शन विफल। कृपया पुनः प्रयास करें।,Connessione fallita. Per favore riprova.,Połączenie nieudane. Spróbuj ponownie.,"Сбой соединения. Пожалуйста, попробуйте снова.",Conexión fallida. Por favor intenta de nuevo.,"З'єднання розірвано. Будь ласка, спробуйте знову.",Bağlantı hatası. Lütfen tekrar deneyin.
init.err_failed.casual,Something went wrong. Give it another shot!,Quelque chose s'est mal passé. Réessaie !,Etwas ist schiefgelaufen. Versuch's noch mal!,कुछ गलत हो गया। एक और कोशिश करें!,Qualcosa è andato storto. Riprova!,Coś poszło nie tak. Spróbuj jeszcze raz!,Что-то пошло не так. Попробуй еще раз!,Algo salió mal. ¡Inténtalo de nuevo!,Щось пішло не так. Спробуй ще раз!,Bir şeyler ters gitti. Bir kez daha dene!
init.err_failed.tech,ERR_HANDSHAKE_TIMEOUT,TIMEOUT_HANDSHAKE,HANDSHAKE_TIMEOUT,त्रुटि_हैंडशेक_टाइमआउट,TIMEOUT_HANDSHAKE,BŁĄD_LIMITU_CZASU_HANDSHAKE,ОШИБКА_ТАЙМАУТ_ХЕНДШЕЙКА,TIMEOUT_HANDSHAKE,ПОМИЛКА_ТАЙМАУТ_ХЕНДШЕЙКУ,HATA_EL_SIKISMASI_ZAMAN_ASIMI
init.err_critical,The Aura flickered. Please try again.,L'Aura a vacillé. Veuillez réessayer.,Die Aura flackerte. Bitte versuche es erneut.,औरा झिलमिलाई। कृपया पुनः प्रयास करें।,L'Aura tremolò. Per favore riprova.,Aura zamigotała. Spróbuj ponownie.,"Аура мерцала. Пожалуйста, попробуйте снова.",El Aura parpadeó. Por favor intenta de nuevo.,"Аура мерехтіла. Будь ласка, спробуй ще раз.",Aura Titredi.
init.err_critical.mystic,The cosmic thread snapped. Reconnect.,Le fil cosmique a rompu. Reconnectez-vous.,Der kosmische Faden ist gerissen. Verbinde dich erneut.,ब्रह्मांडीय धागा टूट गया। पुनः जुड़ें।,Il filo cosmico si è spezzato. Riconnettiti.,Kosmiczna nić pękła. Połącz się ponownie.,Космическая нить оборвалась. Переподключитесь.,El hilo cósmico se rompió. Reconecta.,Космічна нитка обірвалася. Перепідключіться.,Kozmik bağ koptu. Yeniden bağlan.
init.err_critical.business,Critical error. Contact support or retry.,Erreur critique. Contactez le support ou réessayez.,Kritischer Fehler. Kontaktiere den Support oder versuche es erneut.,गंभीर त्रुटि। समर्थन से संपर्क करें या पुनः प्रयास करें।,Errore critico. Contatta il supporto o riprova.,Błąd krytyczny. Skontaktuj się z pomocą techniczną lub spróbuj ponownie.,Критическая ошибка. Свяжитесь с поддержкой или попробуйте снова.,Error crítico. Contacta al soporte o reintenta.,Критична помилка. Зв'яжіться з підтримкою або спробуйте знову.,Kritik hata. Destekle iletişime geçin veya tekrar deneyin.
init.err_critical.casual,Big glitch here! Try one more time.,Gros bug ici ! Réessaie encore une fois.,Riesen Fehler hier! Versuch's noch einmal.,यहाँ बड़ी गड़बड़ी! एक बार फिर कोशिश करें।,Grosso problema qui! Riprova ancora una volta.,Wielki błąd! Spróbuj jeszcze raz.,Тут серьезный глюк! Попробуй еще раз.,¡Gran error aquí! Inténtalo una vez más.,Тут великий глюк! Спробуй ще раз.,Burada büyük bir aksaklık var! Bir kez daha dene.
init.err_critical.tech,SYSTEM_CRITICAL_EXCEPTION,EXCEPTION_CRITIQUE_SYSTÈME,KRITISCHE_SYSTEM_AUSNAHME,सिस्टम_गंभीर_अपवाद,ECCEZIONE_CRITICA_DI_SISTEMA,KRYTYCZNY_WYJĄTEK_SYSTEMU,КРИТИЧЕСКАЯ_СИСТЕМНАЯ_ОШИБКА,EXCEPCIÓN_CRÍTICA_SISTEMA,КРИТИЧНА_СИСТЕМНА_ПОМИЛКА,SISTEM_KRITIK_ISTISNASI
essence.aura_title,ROLE / RANK,RÔLE / RANG,ROLLE / RANG,भूमिका / रैंक,RUOLO / RANGO,ROLA / RANG,РОЛЬ / РАНГ,ROL / RANGO,РОЛЬ / РАНГ,ROL / RÜTBE
harmony.session_opened,✦ Harmony Channel Opened ✦,✦ Canal d'Harmonie Ouvert ✦,✦ Harmony-Kanal Eröffnet ✦,✦ हार्मोनी चैनल खुला ✦,✦ Canale Armonia Aperto ✦,✦ Kanał Harmonii Otwarty ✦,✦ Канал Гармонии Открыт ✦,✦ Canal de Armonía Abierto ✦,✦ Канал Гармонії відкрито ✦,✦ Armoni Kanalı Açıldı ✦
harmony.status_active,Active,Actif,Aktiv,सक्रिय,Attivo,Aktywny,Активен,Activo,Активна,Aktif
harmony.window_expired,The 24-hour Harmony window has closed.,La fenêtre de 24h s'est fermée.,Das 24-Stunden-Fenster ist abgelaufen.,24 घंटे की खिड़की बंद हो गई।,La finestra di 24h si è chiusa.,Okno 24h zostało zamknięte.,24-часовое окно закрылось.,La ventana de 24h se ha cerrado.,24-годинне вікно закрилося.,24 saatlik pencere kapandı.
harmony.dissolved,✦ Harmony has been peacefully closed. ✦,✦ L'Harmonie s'est close paisiblement. ✦,✦ Harmonie friedlich beendet. ✦,✦ सद्भाव शांतिपूर्वक बंद हुआ। ✦,✦ Armonia chiusa in pace. ✦,✦ Harmonia zamknięta spokojnie. ✦,✦ Гармония мирно завершена. ✦,✦ Armonía cerrada en paz. ✦,✦ Гармонію мирно закрито. ✦,✦ Armoni huzurla kapandı. ✦
harmony.horas_offer_sent,⬡ You proposed {0} Horas,⬡ Vous proposez {0} Horas,⬡ Sie bieten {0} Horas an,⬡ आपने {0} Horas प्रस्तावित किए,⬡ Hai proposto {0} Horas,⬡ Zaproponowałeś {0} Horas,⬡ Вы предложили {0} Horas,⬡ Propusiste {0} Horas,⬡ Ви запропонували {0} Horas,⬡ {0} Horas teklif ettiniz
harmony.horas_offer_incoming,Proposal: {0} Horas,Proposition : {0} Horas,Angebot: {0} Horas,प्रस्ताव: {0} Horas,Proposta: {0} Horas,Propozycja: {0} Horas,Предложение: {0} Horas,Propuesta: {0} Horas,Пропозиція: {0} Horas,Teklif: {0} Horas
harmony.horas_accepted,⬡ {0} Horas accepted. Harmony grows.,⬡ {0} Horas acceptés. L'Harmonie grandit.,⬡ {0} Horas akzeptiert. Harmonie wächst.,⬡ {0} Horas स्वीकृत। सद्भाव बढ़ता है।,⬡ {0} Horas accettati. L'Armonia cresce.,⬡ {0} Horas zaakceptowane. Harmonia rośnie.,⬡ {0} Horas приняты. Гармония растёт.,⬡ {0} Horas aceptados. La Armonía crece.,⬡ {0} Horas прийнято. Гармонія зростає.,⬡ {0} Horas kabul edildi. Uyum büyüyor.
harmony.horas_declined,⬡ Horas proposal declined.,⬡ Proposition refusée.,⬡ Angebot abgelehnt.,⬡ प्रस्ताव अस्वीकृत।,⬡ Proposta rifiutata.,⬡ Propozycja odrzucona.,⬡ Предложение отклонено.,⬡ Propuesta rechazada.,⬡ Пропозицію відхилено.,⬡ Teklif reddedildi.
title.mentor,Mentor,Mentor,Mentor,परामर्शदाता,Mentore,Mentor,Ментор,Mentor,Ментор,Mentor
title.expert,Expert,Expert,Experte,विशेषज्ञ,Esperto,Ekspert,Эксперт,Experto,Експерт,Uzman
title.advisor,Advisor,Conseiller,Berater,सलाहकार,Consulente,Doradca,Советник,Asesor,Радник,Danışman
title.creator,Creator,Créateur,Schöpfer,निर्माता,Creatore,Twórca,Создатель,Creador,Творець,Yaratıcı
title.innovator,Innovator,Innovateur,Innovator,नवाचारक,Innovatore,Innowator,Инноватор,Innovador,Інноватор,Yenilikçi
title.aesthete,Aesthete,Esthète,Ästhet,सौंदर्यशास्त्री,Esteta,Esteta,Эстет,Esteta,Естет,Estetikçi
title.practitioner,Practitioner,Praticien,Praktiker,अभ्यासकर्ता,Praticante,Praktyk,Практик,Practicante,Практик,Uygulayıcı
title.supporter,Supporter,Soutien,Unterstützer,समर्थक,Sostenitore,Wspierający,Сторонник,Partidario,Помічник,Destekçi
title.craftsman,Craftsman,Artisan,Handwerker,कारीगर,Artigiano,Rzemieślnik,Мастер,Artesano,Майстер,Zanaatkâr
title.explorer,Explorer,Explorateur,Entdecker,अन्वेषक,Esploratore,Odkrywca,Исследователь,Explorador,Дослідник,Kaşif
title.seeker,Seeker,Chercheur,Sucher,साधक,Ricercatore,Poszukiwacz,Искатель,Buscador,Шукач,Arayıcı
btn.create_aura,✨ Create Aura,✨ Créer l'Aura,✨ Aura Erstellen,✨ औरा बनाएँ,✨ Crea Aura,✨ Stwórz Aurę,✨ Создать Ауру,✨ Crear Aura,✨ Створити Ауру,✨ Aura Oluştur
btn.update_aura,✨ Update Aura,✨ Mettre à jour l'Aura,✨ Aura Aktualisieren,✨ औरा अपडेट करें,✨ Aggiorna Aura,✨ Aktualizuj Aurę,✨ Обновить Ауру,✨ Actualizar Aura,✨ Оновити Ауру,✨ Aurayı Güncelle
menu.header,NEXUS MENU,MENU NEXUS,NEXUS-MENÜ,नेक्सस मेनू,MENU NEXUS,MENU NEXUS,МЕНЮ НЕКСУСА,MENÚ NEXUS,МЕНЮ НЕКСУСУ,NEXUS MENÜSÜ
menu.profile,MASTER PROFILE,PROFIL DU MAÎTRE,MASTER-PROFIL,माстер प्रोफाइल,PROFILO MAESTRO,PROFIL MISTRZA,ПРОФИЛЬ МАСТЕРА,PERFIL DE MAESTRO,ПРОФІЛЬ МАЙСТРА,USTA PROFİLİ
menu.aura,AURA RITE,RITE DE L'AURA,AURA-RITUS,औरा अनुष्ठान,RITO DELL'AURA,RYTUAŁ AURY,РИТУАЛ АУРЫ,RITO DE AURA,РИТУАЛ АУРИ,AURA RİTÜELİ
menu.feed,CHRONICLES,CHRONIQUES,CHRONIKEN,वृत्तांत,CRONACHE,KRONIKI,ХРОНИКИ,CRÓNICAS,ХРОНІКИ,GÜNCELER
menu.vault,VAULT,COFFRE-FORT,TRESOR,तिजोरी,CAVEAU,SKARBIEC,ХРАНИЛИЩЕ,BÓVEDA,СХОВИЩЕ,MAHZEN
menu.settings,SETTINGS,PARAMÈTRES,EINSTELLUNGEN,सेटिंग्स,IMPOSTAZIONI,USTAWIENIA,НАСТРОЙКИ,AJUSTES,НАЛАШТУВАННЯ,AYARLAR
menu.logout,LOGOUT,DÉCONNEXION,ABMELDEN,लॉगआउट,LOGOUT,WYLOGUJ,ВЫХОД,CERRAR SESIÓN,ВИХІД,ÇIKIŞ YAP
settings.header,NEXUS SETTINGS,RÉGLAGES NEXUS,NEXUS EINSTELLUNGEN,नेक्सस सेटिंग्स,IMPOSTAZIONI NEXUS,USTAWIENIA NEXUS,НАСТРОЙКИ НЕКСУСА,AJUSTES NEXUS,НАЛАШТУВАННЯ НЕКСУСУ,NEXUS AYARLARI
settings.master_vol,MASTER VOLUME,VOLUME PRINCIPAL,GESAMTLAUTSTÄRKE,माстер वॉल्यूम,VOLUME MASTER,GŁOŚNOŚĆ GŁÓWNA,ОБЩАЯ ГРОМКОСТЬ,VOLUMEN PRINCIPAL,ЗАГАЛЬНА ГУЧНІСТЬ,ANA SES
settings.music_vol,MUSIC,MUSIQUE,MUSIK,संगीत,MUSICA,MUZYKA,МУЗЫКА,MÚSICA,МУЗИКА,MÜZİK
settings.sfx_vol,EFFECTS (SFX),EFFETS (SFX),EFFEKTE (SFX),प्रभाव (SFX),EFFETTI (SFX),EFEKTY (SFX),ЭФФЕКТЫ (SFX),EFECTOS (SFX),ЕФЕКТИ (SFX),EFEKTLER (SFX)
settings.ambience_vol,AMBIENCE,AMBIANCE,AMBIENTE,वातावरण,AMBIENCE,AMBIENT,ОКРУЖЕНИЕ,AMBIENTE,АМБІЄНТ,AMBYANS
settings.mute,MUTE ALL,TOUT MUTE,ALLES STUMMSCHALTEN,सभी को म्यूट करें,MUTO TOTALE,WYCISZ WSZYSTKO,ВЫКЛЮЧИТЬ ВСЁ,SILENCIAR TODO,ВИМКНУТИ ВСЕ,TÜMÜNÜ SESSİZE AL
msg.welcome_nexus,WELCOME TO THE NEXUS,BIENVENUE AU NEXUS,WILLKOMMEN IM NEXUS,नेक्सस में स्वागत है,BENVENUTI NEL NEXUS,WITAJ W NEXUS,ДОБРО ПОЖАЛОВАТЬ В НЕКСУС,BIENVENIDO AL NEXUS,ЛАСКАВО ПРОСИМО ДО НЕКСУСУ,NEXUS'A HOŞ GELDİNİZ
term.current_aura,YOUR CURRENT AURA...,VOTRE AURA ACTUELLE...,DEINE AKTUELLE AURA...,आपकी वर्तमान औरा...,LA TUA AURA ATTUALE...,TWOJA AKTUALNA AURA...,ВАША ТЕКУЩАЯ АУРА...,TU AURA ACTUAL...,ВАША ПОТОЧНА АУРА...,MEVCUT AURANIZ...
term.my_gifts,MY GIFTS,MES DONS,MEINE GABEN,मेरे उपहार,I MIEI DONI,MOJE DARY,МОИ ДАРЫ,MIS DONES,МОЖУ,BENİM HEDİYELERİM
term.i_seek,I SEEK,JE CHERCHE,ICH SUCHE,मैं खोजता हूँ,CERCO,SZUKAM,Я ИЩУ,BUSCO,ХОЧУ,ARADIĞIM
init.age_question,HOW MANY WINTER CYCLES HAS YOUR SPARK BURNED?,COMBIEN DE CYCLES D'HIVER TON ÉTINCELLE A-T-ELLE BRÛLÉ ?,WIE VIELE WINTERZYKLEN HAT DEIN FUNKE GEBRANNT ?,आपकी चिंगारी ने कितने सर्दियों के चक्र जलाए ?,QUANTI CICLI INVERNALI HA BRUCIATO LA TUA SCINTILLA ?,ILE CYKLI ZIMOWYCH SPALIŁA TWOJA ISKRA ?,СКОЛЬКО ЗИМНИХ ЦИКЛОВ ПРОГОРЕЛА ТВОЯ ИСКРА ?,¿CUÁNTOS CICLOS DE INVIERNO HA QUEMADO TU CHISPA ?,СКІЛЬКИ ЗИМ ТВОЯ ІСКРА ПАЛАЛА ?,KIVILCIMIN KAÇ KIŞ DÖNGÜSÜ YANDI ?
init.gender_question,WHAT ENERGY DO YOU BRING TO THE NEXUS?,QUELLE ÉNERGIE APPORTES-TU AU NEXUS ?,WELCHE ENERGIE BRINGST DU IN DEN NEXUS ?,आप नेक्सस में कौन सी ऊर्जा लाते हैं ?,QUALE ENERGIA PORTI AL NEXUS ?,JAKĄ ENERGIĘ WNIESZ DO NEXUS ?,КАКУЮ ЭНЕРГИЮ ТЫ НЕСЁШЬ В НЕКСУС ?,¿QUÉ ENERGÍA TRAES AL NEXUS ?,ЯКУ ЕНЕРГІЮ ТИ НЕСЕШ У НЕКСУС ?,NEXUS'A HANGİ ENERJİYİ GETİRİYORSUN ?
init.location_question,WHERE IS YOUR AURA STRONGEST IN SPACE?,OÙ TON AURA EST-ELLE LA PLUS FORTE DANS L'ESPACE ?,WO IST DEINE AURA IM RAUM AM STÄRKSTEN ?,अंतरिक्ष में आपकी औरा सबसे मजबूत कहाँ है ?,DOVE È PIÙ FORTE LA TUA AURA NELLO SPAZIO ?,GDZIE TWOJA AURA JEST NAJsilniejsza W PRZESTRZENI ?,ГДЕ ТВОЯ АУРА СИЛЬНЕЕ ВСЕГО В ПРОСТРАНСТВЕ ?,¿ДÓNDE ES MÁS FUERTE TU AURA EN EL ESPACIO ?,ДЕ САМЕ У ПРОСТОРІ ТВОЯ АУРА НАЙСИЛЬНІША ?,AURAN UZAYDA EN GÜÇLÜ NEREDE ?
init.final_seal,YOUR PATH IS SEALED. WELCOME.,TON CHEMIN EST SCELLÉ. BIENVENUE.,DEIN WEG IST VERSIEGELT. WILLKOMMEN.,आपका मार्ग मुहरबंद है। स्वागत है।,IL TUO CAMMINO È SIGILLATO. BENVENUTO.,TWÓJ ŚCIEŻKA ZOSTAŁA ZAPECZĘTOWANA. WITAJ.,ТВОЙ ПУТЬ ЗАПЕЧАТАН. ДОБРО ПОЖАЛОВАТЬ.,TU CAMINO ESTÁ SELLADO. BIENVENIDO.,ТВІЙ ШЛЯХ ЗАПЕЧАТАНО. ЛАСКАВО ПРОСИМО.,YOLUN MÜHÜRLENDİ. HOŞ GELDİN.
msg.oracle_silent,The Aura is silent today.,L'Aura est silencieuse aujourd'hui.,Die Aura schweigt heute.,आज औरा चुप है।,L'Aura è silenziosa oggi.,Aura jest dziś milcząca.,Аура сегодня молчит.,El Aura está silenciosa hoy.,Аура сьогодні мовчить.,Aura bugün sessiz.
init.gender_m,MASCULINE,MASCULIN,MASKULIN,पुरुष,MASCHILE,MĘSKI,МУЖСКОЙ,MASCULINO,ЧОЛОВІЧА,ERKEKSEL
init.gender_f,FEMININE,FÉMININ,FEMININ,स्त्री,FEMMINILE,ŻEŃSKI,ЖЕНСКИЙ,FEMENINO,ЖІНОЧА,KADINSEL
init.gender_x,NEUTRAL,NEUTRE,NEUTRAL,न्यूट्रल,NEUTRALE,NEUTRALNY,НЕЙТРАЛЬНЫЙ,NEUTRO,НЕЙТРАЛЬНА,NÖTR
init.loc_placeholder,SEARCH YOUR REALM...,RECHERCHE TON ROYAUME...,SUCHE DEIN REICH...,अपने राज्य की खोज करें...,CERCA IL TUO REGNO...,SZUKAJ SWOJEGO KRÓLESTWA...,ИЩИ СВОЁ ЦАРСТВО...,BUSCA TU REINO...,ПОШУК ТВОГО ЦАРСТВА...,ÂLEMİNİ ARA...
btn.confirm_age,CONFIRM AGE,CONFIRMER L'ÂGE,ALTER BESTÄTIGEN,आयु की पुष्टि करें,CONFERMA ETÀ,POTWIERDŹ WIEK,ПОДТВЕРДИТЬ ВОЗРАСТ,CONFIRMAR EDAD,ПІДТВЕРДИТІ ВІК,YAŞI ONAYLA
btn.illuminate,ILLUMINATE MY PRESENCE,ILLUMINER MA PRÉSENCE,MEINE PRÄSENZ ERLEUCHTEN,मेरी उपस्थिति को प्रकाशित करें,ILLUMINA LA MIA PRESENZA,OŚWIETL MOJĄ OBECNOŚĆ,ОСВЕТИ МОЁ ПРИСУТСТВИЕ,ILUMINAR MI PRESENCIA,ЯВИТИ МОЮ ПРИСУТНІСТЬ,VARLIĞIMI AYDINLAT
tab.symmetry,SYMMETRY,SYMÉTRIE,SYMMETRIE,समरूपता,SIMMETRIA,SYMETRIA,СИММЕТРИЯ,SIMETRÍA,СИМЕТРІЯ,SİMETРІ
tab.near,NEARBY,À PROXIMITÉ,IN DER NÄHE,आस-पास,VICINI,W POBLIŻU,РЯДОМ,CERCANOS,ПОРУЧ,YAKINDA
msg.beta_feature,👁️ Oracle: This feature will manifest in future cycles (Beta).,👁️ Oracle: Cette fonctionnalité se manifestera dans les cycles futurs (Beta).,👁️ Orakel: Diese Funktion wird sich in zukünftigen Zyklen manifestieren (Beta).,👁️ ओरेकल: यह सुविधा भविष्य के चक्रों (बीटा) में प्रकट होगी।,👁️ Oracolo: Questa funzione si manifesterà nei cicli futuri (Beta).,👁️ Wyrocznia: Ta funkcja objawi się w przyszłych cyklach (Beta).,👁️ Оракул: Эта функция проявится в будущих циклах (Beta).,👁️ Oráculo: Esta función se manifestará en ciclos futuros (Beta).,👁️ Оракул: Ця функція проявиться у наступних циклах (Beta).,👁️ Kahin: Bu özellik gelecek döngülerde (Beta) tezahür edecek.
settings.audio_master,MASTER VOLUME,VOLUME GÉNÉRAL,GESAMTLAUTSTÄRKE,माстер वॉल्यूम,VOLUME GENERALE,GŁOŚNOŚĆ GŁÓWNA,ОБЩАЯ ГРОМКОСТЬ,VOLUMEN MAESTRO,ЗАГАЛЬНА ГУЧНІСТЬ,ANA SES
settings.audio_music,MUSIC,MUSIQUE,MUSIK,संगीत,MUSICA,MUZYKA,МУЗЫКА,MÚSICA,МУЗИКА,MÜZİK
settings.audio_sfx,EFFECTS,EFFETS,EFFEKTE,प्रभाव,EFFETTI,EFEKTY,ЭФФЕКТЫ,EFECTOS,ЕФЕКТИ,EFEKTLER
settings.audio_voice,ORACLE VOICE,VOIX DE L'ORACLE,ORAKELSTIMME,ओरेकल आवाज,VOCE DELL'ORACOLO,GŁOS WYROCZNI,ГОЛОС ОРАКУЛА,VOZ DEL ORÁCULO,ГОЛОС ОРАКУЛА,KAHİN SESİ
settings.audio_mute,MUTE,SOURDINE,STUMMSCHALTEN,म्यूट,MUTO,WYCISZ,ВЫКЛЮЧИТЬ ЗВУК,SILENCIAR,ВИМКНУТИ ЗВУК,SESSİZ
vault.header,THE AKASHIC VAULT,LA VOÛTE AKASHIQUE,DAS AKASHA-GEWÖLBE,आकाशिक वॉल्ट,IL VOLTO AKASHICO,AKASZYCKI SKARBIEC,АКАШИЧЕСКОЕ ХРАНИЛИЩЕ,LA BÓVEDA AKÁSHICA,АКАШІ-СХОВИЩЕ,AKAŞİK KASA
term.symmetry_detected,SYMMETRY DETECTED,SYMÉTRIE DÉTECTÉE,SYMMETRIE ERKANNT,समरूपता का पता चला,SIMMETRIA RILEVATA,WYKRYTO SYMETRIĘ,СИММЕТРИЯ ОБНАРУЖЕНА,SIMETRÍA DETECTADA,СИМЕТРІЮ ВИЯВЛЕНО,SİMETRİ TESPİT EDİLDİ
btn.decline,DECLINE,DÉCLINER,ABLEHNEN,अस्वीकार करें,DECLINA,ODRZUĆ,ОТКЛОНИТЬ,RECHAZAR,ВІДХИЛИТИ,REDDET
app_name,TimeAura,TimeAura,TimeAura,TimeAura,TimeAura,TimeAura,TimeAura,TimeAura,TimeAura,TimeAura
init.name_question,BY WHAT NAME SHALL THE NEXUS KNOW YOU?,PAR QUEL NOM LE NEXUS VOUS CONNAÎTRA-T-IL ?,UNTER WELCHEM NAMEN SOLL DICH DER NEXUS KENNEN ?,नेक्सस आपको किस नाम से जानेगा?,CON QUALE NOME TI CONOSCERÀ IL NEXUS ?,POD JAKIM IMIENIEM NEXUS CIĘ POZNA ?,ПОД КАКИМ ИМЕНЕМ НЕКСУС БУДЕТ ЗНАТЬ ТЕБЯ ?,¿CON QUÉ NOMBRE TE CONOCERÁ EL NEXUS ?,ЯК ТЕБЕ ЗВАТИМУТЬ У НЕКСУСІ ?,NEXUS SENİ HANGİ ІSİMLE TANIMALI ?
btn.reveal,REVEAL,RÉVÉLER,ENTHÜLLEN,प्रकट करें,RIVELA,OBJAW,РАСКРЫТЬ,REVELAR,ЯВИТИ,AÇIĞA ÇIKAR
init.category_question,What do you bring to the Nexus?,Que apportez-vous au Nexus ?,Was bringst du in den Nexus ?,आप नेक्सс में क्या लाते हैं ?,Cosa porti al Nexus ?,Co wnosisz do Nexus ?,Что ты приносишь в Нексус ?,¿Qué traes al Nexus ?,Що ти приносиш у Нексус ?,Nexus'a ne getiriyorsun ?
init.cat_material,⚒️ MATERIAL,⚒️ MATÉRIEL,⚒️ MATERIELL,⚒️ सामग्री,⚒️ MATERIALE,⚒️ MATERIALNE,⚒️ МАТЕРИАЛЬНОЕ,⚒️ MATERIAL,⚒️ МАТЕРІАЛЬНЕ,⚒️ MATERYAL
init.cat_ethereal,✦ ETHEREAL,✦ ÉTHÉRÉ,✦ ÄTHERISCH,✦ ईथरी,✦ ETEREO,✦ ETERYCZNE,✦ ЭФИРНОЕ,✦ ETÉREO,✦ ЕФІРНЕ,✦ ETERİK
btn.confirm_offering,CONFIRM OFFERING,CONFIRMER L'OFFRE,ANGEBOT BESTÄTIGEN,प्रस्ताव की पुष्टि करें,CONFERMA OFFERTA,POTWIERDŹ OFERTĘ,ПОДТВЕРДИТЬ ДАР,CONFIRMAR OFRENDA,ПІДТВЕРДИТІ ДАР,TEKLİFİ ONAYLA
msg.ritual_final_blessing,Your path is sealed. Welcome.,Votre chemin est scellé. Bienvenue.,Dein Weg ist versiegelt. Willkommen.,आपका मार्ग मुहरबंद है। स्वागत है।,Il tuo cammino è sigillato. Benvenuto.,Twój ścieżka została zapieczętowana. Witaj.,Твой путь запечатан. Добро пожаловать.,Tu camino está sellado. Bienvenido.,Твій шлях запечатано. Ласкаво просимо.,Yolun mühürlendi. Hoş geldin.
term.success,SUCCESS,SUCCÈS,ERFOLG,सफलता,SUCCESSO,SUKCES,УСПЕХ,ÉXITO,УСПІХ,BAŞARI
tier.aspirant,ASPIRANT,ASPIRANT,ANWÄRTER,आकांक्षी,ASPIRANTE,ASPIRANT,ПРЕТЕНДЕНТ,ASPIRANTE,ПРЕТЕНДЕНТ,ADAY
tier.master,MASTER,MAÎTRE,MEISTER,माстер,MAESTRO,MISTRZ,МАСТЕР,MAESTRO,МАЙСТЕР,USTA
tier.oracle,ORACLE,ORACLE,ORAKEL,ओरेकल,ORACOLO,WYROCZNIA,ОРАКУЛ,ORÁCULO,ОРАКУЛ,KAHİN
init.location_success,The Ley Lines are aligned.,Les Lignes de Force sont alignées.,Die Ley-Linien sind ausgerichtet.,ले लाइन्स संरेखित हैं।,Le Linee di Forza sono allineate.,Linie Mocy są wyrównane.,Лей-линии выровнены.,Las Líneas Ley están alineadas.,Лей-лінії вирівняні.,Ley Hatları hizalandı.
init.location_failed,The ether is turbulent here. Try another spot.,L'éther est turbulent ici. Essayez un autre endroit.,Der Äther ist hier turbulent. Versuche es an einem anderen Ort.,यहाँ ईथर अशांत है। दूसरी जगह प्रयास करें।,L'etere è turbolento qui. Prova un altro punto.,Eter jest tutaj turbulentny. Spróbuj w innym miejscu.,Эфир здесь турбулентен. Попробуйте другое место.,El éter está turbulento aquí. Prueba en otro lugar.,Ефір тут турбулентний. Спробуйте інше місце.,Eter burada çalkantılı. Başka bir yer deneyin.
msg.prophecy_wait,Awaiting the sacred breath...,En attente du souffle sacré...,Warten auf den heiligen Atem...,पवित्र सांस की प्रतीक्षा है...,In attesa del respiro sacro...,Oczekiwanie na święty oddech...,Ожидание священного дыхания...,Esperando el aliento sagrado...,Очікування священного подиху...,Kutsal nefes bekleniyor...
msg.visage_ritual_start,Commencing the Ritual of Visage.,Commencement du Rituel du Visage.,Beginn des Antlitz-Rituals.,चेहरे का अनुष्ठान शुरू हो रहा है।,Inizio del Rituale del Volto.,Rozpoczynanie Rytuału Oblicza.,Начало Ритуала Облика.,Comenzando el Ritual del Rostro.,Початок Ритуалу Обличчя.,Görünüm Ritüeli başlıyor.
msg.ritual_shadow_path,The shadow path reveals your true essence.,Le chemin de l'ombre révèle votre véritable essence.,Der Schattenpfad offenbart dein wahres Wesen.,छाया पथ आपके वास्तविक सार को प्रकट करता है।,Il cammino dell'ombra rivela la tua vera essenza.,Cienista ścieżka ujawnia twoją prawdziwą esencję.,Теневой путь раскрывает вашу истинную сущность.,El camino de la sombra revela tu verdadera esencia.,Тіньовий шлях відкриває твою справжню суть.,Gölge yolu gerçek özünü ortaya çıkarır.
term.realm_unknown,Unknown Realm,Royaume Inconnu,Unbekanntes Reich,अज्ञात क्षेत्र,Regno Sconosciuto,Nieznane Królestwo,Unknown Realm,Reino Desconocido,Невідомий Світ,Bilinmeyen Diyar
term.bio_empty,Your legacy remains unwritten...,Votre héritage reste à écrire...,Dein Vermächtnis ist noch ungeschrieben...,आपकी विरासत अलिखित है...,La tua eredità resta non scritta...,Twoje dziedzictwo pozostaje niespisane...,Ваше наследие еще не написано...,Tu legado aún no se ha escrito...,Твій спадок ще не написаний...,Mirasın henüz yazılmadı...
tab.manifest,MANIFEST,MANIFESTE,MANIFEST,प्रकट,MANIFESTO,MANIFEST,MANIFEST,MANIFESTO,МОЖУ,TEZAHÜR
tab.intent,INTENT,INTENTION,INTENTION,इरादा,INTENTO,ZAMIAR,ИНТЕНТ,INTENCIÓN,ХОЧУ,NİYET
tab.compass,COMPASS,BOUSSOLE,KOMPASS,कम्पास,BUSSOLA,KOMPAS,КОМПАС,BRÚJULA,КОМПАС,PUSULA
oracle.prompt,MEDITATE WITH THE ORACLE,MÉDITER AVEC L'ORACLE,MIT DEM ORakel MEDITIEREN,ओरेकल के साथ ध्यान करें,MEDITA CON L'ORACOLO,MEDITUJ Z ORACLE,МЕДИТИРУЙ С ОРАКУЛОМ,MEDITA CON EL ORÁCULO,МЕДИТАЦІЯ З ОРАКУЛОМ,ORAKUL İLE MEDİTASYON YAP
oracle.thoughts_placeholder,Describe your skills and what you seek...,Décrivez vos compétences...,Beschreibe deine Fähigkeiten...,अपने कौशल का वर्णन करें...,Descrivi le tue abilità...,Opisz swoje umiejętności...,Опиши свои навыки и что ищешь...,Describe tus habilidades...,Опиши свої навички та що ти шукаєш...,Becerilerinizi tanımlayın...
oracle.persona_question,Choose your resonance style,Choisissez votre style de résonance,Wähle deinen Resonanzstil,अपनी प्रतिध्वनि शैली चुनें,Scegli il tuo stile di risonanza,Wybierz swój styl rezonansu,Выбери свой стиль резонанса,Elige tu estilo de resonancia,Оберіть свій стиль резонансу,Rezonans tarzınızı seçin
oracle.persona_confirmed,Your resonance has been aligned.,Votre résonance a été alignée.,Deine Resonanz wurde angepasst.,आपकी प्रतिध्वनि संरेखित हो गई है।,La tua risonanza è stata allineata.,Twój rezonans został wyrównany.,Твой резонанс настроен.,Tu resonancia ha sido alineada.,Твій резонанс налаштовано.,Rezonansınız hizalandı.
persona.mystic,MYSTIC,MYSTIQUE,MYSTISCH,रहस्यमय,MISTICO,MISTYCZNY,МИСТИЧЕСКИЙ,MÍSTICO,МІСТИЧНИЙ,MİSTİK
persona.business,BUSINESS,AFFAIRES,GESCHÄFTLICH,व्यापार,BUSINESS,BIZNESOWY,ДЕЛОВОЙ,NEGOCIOS,ДІЛОВИЙ,İŞ
persona.casual,CASUAL,DÉCONTRACTÉ,LOCKER,अनौपचारिक,CASUAL,LUŹNY,ВЕСЕЛЫЙ,CASUAL,ВЕСЕЛИЙ,GÜNLÜK
persona.tech,TECH,TECH,TECH,तकनीक,TECH,TECH,ТЕХНОЛОГИЧНЫЙ,TECH,ТЕХНОЛОГІЧНИЙ,TEKNOLOJİ
btn.confirm_mystic,SEAL THE RITUAL,SCELLER LE RITUEL,DAS RITUAL VERSIEGELN,अनुष्ठान को सील करें,SIGILLA IL RITUALE,UPIECZĘTOWANIE RYTUAŁU,ЗАПЕЧАТАТЬ РИТУАЛ,SELLAR EL RITUAL,ЗАПЕЧАТАТІ РИТУАЛ,RİTÜELİ MÜHÜRLE
btn.confirm_tech,COMMIT DATA,ENGAGER LES DONNÉES,DATEN ÜBERTRAGEN,डेटा प्रतिबद्ध करें,COMMIT DEI DATI,ZATWIERDŹ DANE,ЗАФИКСИРОВАТЬ ДАННЫЕ,CONFIRMAR DATOS,ЗБЕРЕГТИ ДАНІ,VERİLERİ İŞLE
btn.confirm_biz,SAVE PROFILE,ENREGISTRER LE PROFIL,PROFIL SPEICHERN,प्रोफ़іль सहेजें,SALVA PROFILO,ZAPISZ PROFIL,СОХРАНИТЬ ПРОФИЛЬ,GUARDAR PERFIL,ЗБЕРЕГТИ ПРОФІЛЬ,PROFİLİ KAYDET
btn.confirm_funny,LET'S GO!,C'EST PARTI !,AUF GEHT'S!,चलो चलें!,ANDIAMO!,LECIMY!,ПОГНАЛИ!,¡VAMOS!,ПОГНАЛИ!,HADİ GİDELİM!
oracle.btn_consult,CONSULT THE ORACLE,CONSULTER L'ORACLE,DEN ORakel BEFRAGEN,ओरेकल से परामर्श लें,CONSULTA L'ORACOLO,KONSULTACJA Z ORACLE,ОБРАТИТЬСЯ К ОРАКУЛУ,CONSULTAR AL ORÁCULO,КОНСУЛЬТАЦІЯ В ОРАКУЛА,ORAKUL'A DANIŞ
essence.confirm.business,SAVE CHANGES,ENREGISTRER LES MODIFICATIONS,ÄNDERUNGEN SPEICHERN,परिवर्तन सुरक्षित करें,SALVA MODIFICHE,ZAPISZ ZMIANY,СОХРАНИТЬ ИЗМЕНЕНИЯ,GUARDAR CAMBIOS,ЗБЕРЕГТИ ЗМІНИ,DEĞİŞİKLİKLERİ KAYDET
essence.confirm.tech,DATA COMMIT,ENGAGEMENT DES DONNÉES,DATEN ÜBERTRAGEN,डेटा प्रतिबद्ध करें,COMMIT DATI,ZATWIERDŹ DANE,ЗАФИКСИРОВАТЬ ДАННЫЕ,CONFIRMAR DATOS,ЗБЕРЕГТИ ДАНІ,VERİLERİ İŞLE
msg.ritual_final_blessing.business,Profile synchronized. The Nexus is optimized for your presence.,Profil synchronisé. Le Nexus est optimisé pour votre présence.,Profil synchronisiert. Der Nexus ist für Ihre Präsenz optimiert.,प्रोफ़ाइल सिंक की गई। नेксस आपकी उपस्थिति для अनुकूलित है।,Profilo sincronizzato. Il Nexus è ottimizzato per la tua presenza.,Profil zsynchronizowany. Nexus jest zoptymalizowany dla Twojej obecności.,Профиль синхронизирован. Нексус оптимизирован под ваше присутствие.,Perfil sincronizado. El Nexus está optimizado para su presencia.,Профіль синхронізовано. Нексус оптимізовано під вашу присутність.,Profil senkronize edildi. Nexus varlığınız için optimize edildi.
init.age_question.business,Please specify your age.,Veuillez préciser votre âge.,Bitte geben Sie Ihr Alter an.,कृपया अपनी आयु निर्दिष्ट करें।,Si prega di specificare l'età.,Proszę podać swój wiek.,Укажите ваш возраст.,"Por favor, especifique su edad.",Вкажіть ваш вік.,Lütfen yaşınızı belirtin.
init.gender_question.business,Select your gender identity.,Sélectionnez votre identité de genre.,Wählen Sie Ihre Geschlechtsidentität.,अपनी लिंग पहचान चुनें।,Seleziona la tua identità di genere.,Wybierz swoją tożsamość płciową.,Выберите вашу гендерную идентичность.,Seleccione su identidad de género.,Оберіть вашу гендерну ідентичність.,Cinsiyet kimliğinizi seçin.
init.location_question.business,Establish your operational zone.,Établissez votre zone opérationnelle.,Legen Sie Ihre Betriebszone fest.,अपना परिचालन क्षेत्र स्थापित करें।,Stabilisci la tua zona operativa.,Ustal swoją strefę operacyjną.,Установите вашу операционную зону.,Establezca su zona operativa.,Встановіть вашу операційну зону.,Operasyonel bölgenizi belirleyin.
init.age_question.casual,How many years have you been rocking this planet?,Depuis combien d'années déchirez-vous sur cette planète ?,Seit wie vielen Jahren rockst du schon diesen Planeten?,आप कितने वर्षों से इस ग्रह पर धूम मचा रहे हैं?,Da quanti anni spacchi su questo pianeta?,Od ilu lat rządzisz na tej planecie?,Сколько лет ты уже зажигаешь на этой планете?,¿Cuántos años llevas dándolo todo en este planeta?,Скільки років ти вже запалюєш на цій планеті?,Kaç yıldır bu gezegeni sallıyorsun?
msg.ritual_final_blessing.casual,Boom! Your Aura is ready to shine. Catch you in the Nexus!,Boum ! Votre Aura est prête à briller. On se voit dans le Nexus !,Boom! Deine Aura ist bereit zu strahlen. Wir sehen uns im Nexus!,बूम! आपकी आभा चमकने के लिए तैयार है। नेक्सस में मिलते हैं!,Boom! La tua Aura est pronta a splendere. Ci vediamo nel Nexus!,"Bum! Twoja Aura jest gotowa, by lśnić. Do zobaczenia w Nexusie!",Бум! Твоя Аура готова сиять. Увидимся в Нексусе!,¡Boom! Tu Aura está lista para brillar. ¡Nos vemos en el Nexus!,Бум! Твоя Аура готова сяяти. Побачимося в Нексусі!,Boom! Auran parlamaya hazır. Nexus'ta görüşürüz!
tag.purity,Purity,Pureté,Reinheit,शुद्धता,Purezza,Czystość,Чистота,Pureza,Чистота,Saflık
tag.chaos,Chaos,Chaos,Chaos,अव्यवस्था,Chaos,Chaos,Хаос,Caos,Хаос,Kaos
tag.fintech,FinTech,FinTech,FinTech,फिनटेक,FinTech,FinTech,ФинТех,FinTech,ФінТех,FinTek
tag.architecture,Architecture,Architecture,Architektur,वास्तुकला,Architettura,Architektura,Архитектура,Arquitectura,Архітектура,Mimari
tag.efficiency,Efficiency,Efficacité,Effizienz,दक्षता,Efficienza,Efektywność,Эффективность,Eficiencia,Ефективність,Verimlilik
tag.scaling,Scaling,Mise à l'échelle,Skalierung,स्केलिंग,Scaling,Skalowanie,Масштабирование,Escalado,Масштабування,Ölçekleme
tag.data,Data,Données,Daten,डेटा,Dati,Dane,Данные,Datos,Дані,Veri
tag.investment,Investment,Investissement,Investition,निवेश,Investimento,Inwestycja,Инвестиции,Inversión,Інвестиції,Yatırım
tag.production,Production,Production,Produktion,उत्पादन,Produzione,Produkcja,Производство,Producción,Виробництво,Üretim
tag.systems,Systems,Systèmes,Systeme,सिस्टम,Sistemi,Systemy,Системы,Sistemas,Системи,Sistemler
tag.craftsmanship,Craftsmanship,Artisanat,Handwerkskunst,शिल्पकला,Artigianato,Rzemiosło,Мастерство,Artesanía,Майстерність,Ustalık
tag.cybernetics,Cybernetics,Cybernétique,Kybernetik,साइबरनेटिक्स,Cibernetica,Cybernatyka,Кибернетика,Cibernética,Кібернетика,Sibernetik
tag.result_oriented,Result-Oriented,Orienté résultat,Ergebnisorientiert,परिणाम उन्मुख,Orientato ai risultati,Zorientowany na wyniki,Ориентация на результат,Orientado a resultados,Орієнтація на результат,Sonuç Odaklı
tag.intuition,Intuition,Intuition,Intuition,अंतर्ज्ञान,Intuizione,Intuicja,Интуиция,Intuición,Інтуїція,Sezgi
tag.poetry,Poetry,Poésie,Poesie,कविता,Poesia,Poezja,Поэзия,Poesía,Поезія,Şiir
tag.dreamwork,Dreamwork,Travail des rêves,Traumarbeit,सपना काम,Lavoro onirico,Praca ze snami,Работа со снами,Trabajo onírico,Робота зі снами,Rüya Çalışması
tag.metaphysics,Metaphysics,Métaphysique,Metaphysik,तत्वमीмаंसा,Metafisica,Metafizyka,Метафизика,Metafísica,Метафізика,Metafizik
tag.storytelling,Storytelling,Storytelling,Storytelling,कहानी सुनाना,Storytelling,Storytelling,Сторителлинг,Storytelling,Сторітелінг,Hikaye Anlatımı
tag.improvisation,Improvisation,Improvisation,Improvisation,आशुभाषण,Improvvisazione,Improwizacja,Импровизация,Improvisación,Імпровізація,Doğaçlama
tag.philosophy,Philosophy,Philosophie,Philosophie,दर्शन,Filosofia,Filozofia,Философия,Filosofía,Філософія,Felsefe
tag.empathy,Empathy,Empathie,Empathie,सहानुभूति,Empatia,Empatia,Эмпатия,Empatía,Емпатія,Empati
tag.soundscapes,Soundscapes,Paysages sonores,Soundscapes,साउंडस्केप,Paesaggi sonori,Pejzaże dźwiękowe,Звуковые ландшафты,Paisajes sonoros,Звукові ландшафти,Ses Manzaraları
tag.biohacking,Biohacking,Biohacking,Biohacking,बायोहैकिंग,Biohacking,Biohacking,Биохакинг,Biohacking,Біохакінг,Biyo-hackleme
tag.yoga,Yoga,Yoga,Yoga,योग,Yoga,Joga,Йога,Yoga,Йога,Yoga
tag.nutrition,Nutrition,Nutrition,Ernährung,पोषण,Nutrizione,Odżywianie,Нутрициология,Nutrición,Нутриціологія,Beslenme
tag.nature,Nature,Nature,Natur,प्रकृति,Natura,Natura,Природа,Naturaleza,Природа,Doğa
tag.longevity,Longevity,Longévité,Langlebigkeit,दीर्घायु,Longevità,Długowieczność,Долголетие,Longevidad,Довголіття,Uzun Ömür
tag.breathwork,Breathwork,Travail respiratoire,Atemarbeit,सांस का काम,Respirazione,Praca z oddechem,Дыхательные практики,Respiración,Дихальні практики,Nefes Çalışması
tag.sport,Sport,Sport,Sport,खेल,Sport,Sport,Спорт,Deporte,Спорт,Spor
tag.regeneration,Regeneration,Régénération,Regeneration,पुनरुद्धार,Rigenerazione,Regeneracja,Регенерация,Regeneración,Регенерація,Rejenerasyon
tag.equilibrium,Equilibrium,Équilibre,Gleichgewicht,संतुलन,Equilibrio,Równowaga,Равновесие,Equilibrio,Рівновага,Denge
tag.herbalism,Herbalism,Herboristerie,Kräuterkunde,जड़ी-बूटी,Erboristeria,Zielarstwo,Травничество,Herboristería,Травництво,Bitkisel Tedavi
tag.vitality,Vitality,Vitalité,Vitalität,जीवंतता,Vitalità,Witalność,Жизненная энергия,Vitalidad,Життєва енергія,Canlılık
tag.mindfulness,Mindfulness,Pleine conscience,Achtsamkeit,सजगता,Consapevolezza,Uważność,Осознанность,Atención plena,Усвідомленість,Farkındalık
tag.organic,Organic,Bio,Bio,जैविक,Biologico,Organiczny,Органика,Orgánico,Органіка,Organik
tag.sustainability,Sustainability,Durabilité,Nachhaltigkeit,सततता,Sostenibilità,Zrównoważony розвиток,Устойчивость,Sostenibilidad,Сталий розвиток,Sürdürülebilirlik
tag.mentorship,Mentorship,Mentorat,Mentoring,परामर्श,Mentorship,Mentoring,Менторство,Mentoría,Менторство,Mentorluk
tag.leadership,Leadership,Leadership,Führung,नेतृत्व,Leadership,Przywództwo,Лидерство,Liderazgo,Лідерство,Liderlik
tag.community,Community,Communauté,Gemeinschaft,समुदाय,Comunità,Społeczność,Сообщество,Comunidad,Спільнота,Topluluk
tag.networking,Networking,Networking,Networking,नेटवर्किंग,Networking,Networking,Нетворкинг,Networking,Нетворкінг,Ağ Kurma
tag.collaboration,Collaboration,Collaboration,Zusammenarbeit,सहयोग,Collaborazione,Współpraca,Коллаборация,Colaboración,Колаборація,İşbirliği
tag.education,Education,Éducation,Bildung,शिक्षा,Educazione,Edukacja,Образование,Educación,Освіта,Eğitim
tag.diplomacy,Diplomacy,Diplomatie,Diplomatie,कूटनीति,Diplomazia,Dyplomacja,Дипломатия,Diplomacia,Дипломатія,Diplomasi
tag.tribal,Tribal,Tribal,Tribal,कबीले,Tribale,Plemienny,Трайбализм,Tribal,Трайбалізм,Kabile
tag.altruism,Altruism,Altruisme,Altruismus,परोपकार,Altruismo,Altruizm,Альтруизм,Altruismo,Альтруїзм,Özgecilik
tag.public_speaking,Public Speaking,Prise de parole,Rhetorik,सार्वजनिक भाषण,Parlare in pubblico,Wystąpienia publiczne,Публичные выступления,Oratoria,Публічні виступи,Hitabet
tag.psychology,Psychology,Psychologie,Psychologie,मनोविज्ञान,Psicologia,Psychologia,Психология,Psicología,Психологія,Psikoloji
tag.event_making,Event-making,Organisation d'événements,Event-Management,इवेंट मेकिंग,Organizzazione eventi,Organizowanie wydarzeń,Организация событий,Organización de eventos,Організація подій,Etkinlik Organizasyonu
tag.social,Social,Social,Sozial,सामाजिक,Sociale,Społeczny,Социальный,Social,Соціальний,Sosyal
tag.wellness,WELLNESS,BIEN-ÊTRE,WELLNESS,कल्याण,BENESSERE,WELLNESS,ГАРМОНИЯ,BIENESTAR,ГАРМОНІЯ,SAĞLIK
init.cat_wellness,WELLNESS,BIEN-ÊTRE,WELLNESS,कल्याण,BENESSERE,WELLNESS,ГАРМОНИЯ,BIENESTAR,ГАРМОНІЯ,SAĞLIK
init.cat_social,SOCIAL,SOCIAL,SOZIAL,सामाजिक,SOCIALE,SPOŁECZNY,СОЦИАЛЬНЫЙ,SOCIAL,СПІВТВОРЧІСТЬ,SOSYAL
nav.radar.business,PROSPECTS,PERSPECTIVES,PROSPEKTE,संभावनाएं,PROSPETTIVE,PROSPEKTY,ПЕРСПЕКТИВЫ,PROSPECTOS,ПЕРСПЕКТИВИ,POTANSİYELLER
nav.radar.casual,WHO'S NEAR?,QUI EST LÀ ?,WER IST DA?,आस-पास कौन है?,CHI C'È?,KTO JEST BLISKO?,КТО РЯДОМ?,¿QUIÉN ESTÁ CERCA?,ХТО ПОРУЧ?,KİMLER VAR?
nav.radar.tech,SCANNER,SCANNEUR,SCANNER,स्कैनर,SCANNER,SKANER,СКАНЕР,ESCÁNER,СКАНЕР,TARAYICI
radar.ready.business,READY FOR NETWORKING,PRÊT POUR LE RÉSEAUTAGE,BEREIT FÜR NETZWERKEN,नेटवर्किंग के लिए तैयार,PRONTO PER IL NETWORKING,GOTOWY DO NETWORKINGU,ГОТОВ К НЕТВОРКИНГУ,LISTO PARA NETWORKING,ГОТОВИЙ ДО НЕТВОРКІНГУ,AĞ KURMAYA HAZIR
radar.ready.casual,WHO'S AROUND?,QUI EST LÀ ?,WER IST DA?,आस-पास कौन है?,CHI C'È IN GIRO?,KTO JEST W ПОБЛИЗУ?,КТО РЯДОМ?,¿QUIÉN ESTÁ CERCA?,ХТО ПОРУЧ?,KİM VAR?
radar.ready.tech,SIGNAL STABLE,SIGNAL STABLE,SIGNAL STABIL,सिग्नल स्थिर,SEGNALE STABILE,SYGNAŁ STABILNY,СИГНАЛ СТАБИЛЕН,SEÑAL ESTABLE,СИГНАЛ СТАБІЛЬНИЙ,SİNYAL STABIL
radar.searching.business,ANALYZING MARKET...,ANALYSE DU MARCHÉ...,MARKTANALYSE...,बाजार का विश्लेषण...,ANALISI DI MERCATO...,ANALIZA RYNKU...,АНАЛИЗ РЫНКА...,ANALIZANDO MERCADO...,АНАЛІЗ РИНКУ...,PAZAR ANALİZİ...
radar.searching.casual,LOOKING FOR VIBES...,RECHERCHE DE VIBES...,SUCHE NACH VIBES...,वाइब्स की खोज...,CERCO VIBE...,SZUKAM VIBE'U...,ИЩУ ВАЙБ...,BUSCANDO VIBES...,ШУКАЮ ВАЙБ...,VIBE ARANIYOR...
radar.searching.tech,PINGING NODES...,PING DES NOEUDS...,KNOTEN-PING...,नोड्स को पिंग कर रहा है...,PING DEI NODI...,PINGOWANIE WĘЗЛІВ...,ПИНГ УЗЛОВ...,PING DE NODOS...,ПІНГ ВУЗЛІВ...,DÜĞÜMLER PİNGLENİYOR...
radar.start_pulse.business,CONNECT,CONNECTER,VERBINDEN,जुड़ें,CONNETTI,POŁĄCZ,СВЯЗАТЬСЯ,CONECTAR,ЗВ'ЯЗАТИСЯ,BAĞLAN
radar.start_pulse.casual,SAY HI,DIS SALUT,SAG HALLO,नमस्ते कहें,DI' CIAO,POWIEDZ CZEŚĆ,ПРИВЕТСТВОВАТЬ,DI HOLA,ПРИВІТАТИСЯ,SELAM VER
radar.start_pulse.tech,UPLINK,UPLINK,UPLINK,अपलिंक,UPLINK,UPLINK,АПЛИНК,UPLINK,АПЛІНК,UPLINK
persona.voice.mystic,THE MYSTIC VOICE,LA VOIX MYSTIQUE,DIE MYSTISCHE STIMME,रहस्यमय आवाज,LA VOCE MISTICA,MISTYCZNY GŁOS,МИСТИЧЕСКИЙ ГОЛОС,LA VOZ MÍSTICA,МІСТИЧНИЙ ГОЛОС,MİSTİK SES
persona.voice.business,THE BUSINESS VOICE,LA VOIX DES AFFAIRES,DIE GESCHÄFTSTIMME,व्यावसायिक आवाज,LA VOCE BUSINESS,GŁOS BIZNESOWY,ДЕЛОВОЙ ГОЛОС,LA VOЗ DE NEGOCIOS,ДІЛОВИЙ ГОЛОС,İŞ SESİ
persona.voice.casual,THE CASUAL VOICE,LA VOIX DÉCONTRACTÉE,DIE LOCKERE STIMME,अनौपचारिक आवाज,LA VOCE CASUAL,LUŹNY GŁOS,ПРИЯТЕЛЬСКИЙ ГОЛОС,LA VOZ CASUAL,ДРУЖНІЙ ГОЛОС,GÜNLÜK SES
persona.voice.tech,THE TECH VOICE,LA VOIX TECH,DIE TECH-STIMME,तकनीकी आवाज,LA VOCE TECH,GŁOS TECH,ТЕХНО-ГОЛОС,LA VOZ TECH,ТЕХНО-ГОЛОС,TEKNOLOJİ SESİ
essence.header.business,DEFINE CORE COMPETENCIES,DÉFINIR LES COMPÉTENCES CLÉS,KERNKOMPETENZEN DEFINIEREN,प्रमुख दक्षताओं को परिभाषित करें,DEFINISCI LE COMPETENZE CHIAVE,ZDEFINIUJ KLUCZOWE KOMPETENCJE,ОПРЕДЕЛИТЕ КЛЮЧЕВЫЕ КОМПЕТЕНЦИИ,DEFINE COMPETENCIAS CLAVE,ВИЗНАЧТЕ КЛЮЧОВІ КОМПЕТЕНЦІЇ,TEMEL YETERLİLİKLERİ TANIMLAYIN
essence.header.casual,SHOW YOUR VIBE,MONTRE TON VIBE,ZEIG DEINEN VIBE,अपना वाइб दिखाएं,MOSTRA IL TUO VIBE,POKAZ SWOJ VIBE,ПОКАЖИ СВОЙ ВАЙБ,MUESTRA TU VIBE,ПОКАЖИ СВІЙ ВАЙБ,TARZINI GÖSTER
essence.header.tech,CONFIGURE ATTRIBUTE MATRIX,CONFIGURER LA MATRICE D'ATTRIBUTS,ATTRIBUTMATRIX KONFIGURIEREN,विशेषता मैट्रिक्स कॉन्फ़िगर करें,CONFIGURA LA MATRICE DEGLI ATTRIBUTI,SKONFIGURUJ MACIERZ ATRYBUTÓW,НАСТРОЙТЕ МАТРИЦУ АТРИБУТОВ,CONFIGURAR MATRIZ DE ATRIBUTOS,НАЛАШТУЙТЕ МАТРИЦЮ АТРИБУТІВ,ÖZNİTELİK MATRİSİNİ YAPILANDIRIN
essence.confirm.casual,READY!,C'EST BON !,FERTIG!,तैयार!,PRONTO!,GOTOWE!,ГОТОВО!,¡LISTO!,ГОТОВО!,HAZIR!
msg.sample_text,The Aura resonates through time and space.,L'Aura résonne à travers le temps et l'espace.,Die Aura schwingt durch Zeit und Raum.,आभा समय और स्थान के माध्यम से प्रतिध्वनित होती है।,L'Aura risuona nel tempo e nello spazio.,Aura rezonuje w czasie i przestrzeni.,Аура резонирует сквозь время и пространство.,L'Aura resuena a través del tiempo y el espacio.,Аура резонує крізь час і простір.,Aura zaman ve mekanda yankılanıyor.
lbl.scale_small,SMALL,PETIT,KLEIN,छोटा,PICCOLO,MAŁY,МАЛЕНЬКИЙ,PEQUEÑO,МАЛИЙ,KÜÇÜK
lbl.scale_medium,MEDIUM,MOYEN,MITTEL,मध्यम,MEDIO,ŚREDNI,СРЕДНИЙ,MEDIO,СЕРЕДНІЙ,ORTA
lbl.scale_large,LARGE,GRAND,GROSS,बड़ा,GRANDE,DUŻY,КРУПНЫЙ,GRANDE,ВЕЛИКИЙ,BÜYÜK
oracle.scale_intro,"Before we begin, adjust your spiritual sight.","Avant de commencer, ajuste ta vision spirituelle.","Bevor wir beginnen, pass deine geistige Sicht an.","शुरू करने से पहले, अपनी आध्यात्मिक दृष्टि को समायोजित करें।","Prima di iniziare, regola la tua vista spirituale.","Zanim zaczniemy, dostosuj swój duchowy wzrok.","Прежде чем мы начнем, настрой свой духовный взор.","Antes de comenzar, ajusta tu visión espiritual.","Перш ніж ми почнемо, налаштуйте свій духовний зір.","Başlamadan önce, ruhsal görüşünü ayarla."
btn.align_sight,ALIGN SIGHT,ALIGNER LA VUE,SICHT AUSRICHTEN,दृष्टि संरेखित करें,ALLINEA LA VISTA,DOPASUJ WZROK,НАСТРОИТЬ ВЗОР,ALINEAR LA VISTA,НАЛАШТУВАТЬ ВЗІР,GÖRÜŞÜ HİZALA
nav.oracle,ORACLE,ORACLE,ORAKEL,ओरेकल,ORACOLO,WYROCZNIA,ОРАКУЛ,ORÁCULO,ОРАКУЛ,KAHİN
term.symmetry_detected.mystic,A soul resonance is felt in the ether.,Résonance d'âme dans l'éther.,Seelenresonanz im Äther.,ईथर में आत्मा की गूँज।,Risonanza dell'anima nell'etere.,Rezonans duszy w eterze.,Резонанс души в эфире.,Resonancia del alma en el éter.,Резонанс душі в ефірі.,Eterde ruh rezonansı.
msg.prophecy_wait.mystic,Awaiting the sacred breath...,Attente du souffle sacré...,Warten auf den heiligen Atem...,पवित्र श्वास की प्रतीक्षा है...,In attesa del respiro sacro...,Oczekiwanie na święty oddech...,Ожидание священного дыхания...,Esperando el aliento sagrado...,Очікування священного подиху...,Kutsal nefes bekleniyor...
msg.prophecy_wait.business,Initializing verification protocol...,Initialisation du protocole...,Verifizierungsprotokoll wird gestartet...,सत्यापन प्रोटोकॉल प्रारंभ हो रहा है...,Inizializzazione protocollo...,Inicjowanie protokołu weryfikacji...,Инициализация протокола проверки...,Iniciando protocolo de verificación...,Ініціалізація протоколу перевірки...,Doğrulama protokolü başlatılıyor...
msg.prophecy_wait.casual,"Hang tight, checking stuff...","Attends, je vérifie...","Warte kurz, ich checke das...","रुको, चीजें जाँच रहा हूँ...","Aspetta, sto controllando...","Czekaj chwilę, sprawdzam...","Погоди, сейчас всё проверю...","Espera, estoy revisando...","Почекай, зараз все перевірю...","Bekle, kontrol ediliyor..."
msg.prophecy_wait.tech,WAITING_FOR_DATA_PACKETS...,ATTENTE_PAQUETS_DONNÉES...,WARTE_AUF_DATENPAKETE...,डेटा_पैकेट_की_प्रतीक्षा...,ATTESA_PACCHETTI_DATI...,OCZEKIWANIE_NA_PAKIETY...,ОЖИДАНИЕ_ПАКЕТОВ_ДАННЫХ...,ESPERANDO_PAQUETES_DE_DATOS...,ОЧІКУВАННЯ_ПАКЕТІВ_ДАНИХ...,VERI_PAKETLERI_BEKLENIYOR...
msg.ritual_final_blessing.mystic,Your path is sealed. Welcome.,Ton chemin est scellé. Bienvenue.,Dein Weg ist besiegelt. Willkommen.,आपका मार्ग सुरक्षित है। स्वागत है।,Il tuo cammino è segnato. Benvenuto.,Twoja ścieżka jest zapieczętowana. Witaj.,Твой путь скреплен печатяю. Добро пожаловать.,Tu camino está sellado. Bienvenido.,Твій шлях скріплений печаткою. Ласкаво просимо.,Yolun mühürlendi. Hoş geldin.
msg.ritual_final_blessing.tech,SYSTEM_READY. INITIALIZING_INTERFACE...,SYSTÈME_PRÊT. INITIALISATION...,SYSTEM_BEREIT. INITIALISIERUNG...,सिस्टम_तैयार। इंटरफ़ेस_प्रारंभ...,SISTEMA_PRONTO. INIZIALIZZAZIONE...,SYSTEM_GOTOWY. INICJOWANIE...,СИСТЕМА_ГОТОВА. ЗАПУСК_ИНТЕРФЕЙСА...,SISTEMA_LISTO. INICIALIZANDO...,СИСТЕМА_ГОТОВА. ЗАПУСК_ІНТЕРФЕЙСУ...,SISTEM_HAZIR. ARAYÜZ_BAŞLATILIYOR...
essence.confirm.business,COMMIT CHANGES,VALIDER,ÄNDERUNGEN ÜBERNEHMEN,परिवर्तन स्वीकार करें,APPLICA MODIFICHE,ZATWIERDŹ ZMIANY,ПОДТВЕРДИТЬ,CONFIRMAR CAMBIOS,ПІДТВЕРДИТИ ЗМІНИ,DEĞİŞІKLІKLERІ ONAYLA
essence.confirm.tech,EXECUTE_AUTH_SEQUENCE,EXEC_SEQUENCE_AUTH,AUTH-SEQUENZ_AUSFÜHREN,प्रमाणीकरण_अनुक्रम_निष्पादित_करें,ESEGUI_SEQUENZA_AUTH,WYKONAJ_SEKWENCJĘ_AUTORYZACJI,ЗАПУСТИТЬ_ПОСЛЕДОВАТЕЛЬНОСТЬ_АВТОРИЗАЦИИ,EJECUTAR_SECUENCIA_DE_AUTENTICACIÓN,ЗАПУСТИТИ_ПОСЛІДОВНІСТЬ_АВТОРИЗАЦІЇ,YETKILENDIRME_DIZISINI_YURUT
essence.confirm.mystic,SEAL THE AURA,SCELLER L'AURA,DIE AURA VERSIEGELN,आभा को सुरक्षित करें,SIGILLA L'AURA,ZAPIECZĘTUJ AURĘ,СКРЕПИТЬ АУРУ,SELLAR EL AURA,СКРІПИТИ АУРУ,AURAYI MÜHÜRLE
title.initiate,INITIATE,INITIÉ,INITIAND,दीक्षित,INIZIATO,NOWICJUSZ,ПОСВЯЩЕННЫЙ,INICIADO,ПОСВЯЧЕНИЙ,BAŞLANGIÇ
title.initiate.mystic,SEEKER,CHERCHEUR,SUCHENDER,साधक,CERCATORE,POSZUKIWACZ,ИСКАТЕЛЬ,BUSCADOR,ШУКАЧ,ARAYICI
title.initiate.business,JUNIOR,JUNIOR,JUNIOR,जूनियर,JUNIOR,JUNIOR,МЛАДШИЙ,JUNIOR,МОЛОДШИЙ,JUNIOR
title.initiate.tech,USER,UTILISATEUR,BENUTZER,उपयोगकर्ता,UTENTE,UŻYTKOWNIK,ПОЛЬЗОВАТЕЛЬ,USUARIO,КОРИСТУВАЧ,KULLANICI
title.initiate.casual,NEWBIE,NOVICE,NEULING,नौसिखिया,PRINCIPIANTE,NOWICJUSZ,НУБАС,NOVATO,НУБ,ÇAYLAK
title.master,MASTER,MAÎTRE,MEISTER,मास्टर,MAESTRO,MISTRZ,МАСТЕР,MAESTRO,МАЙСТЕР,USTA
title.master.mystic,ARCHMAGE,ARCHIMAGE,ERZMAGIER,महाजादूगर,ARCIMAGO,ARCIMAG,АРХИМАГ,ARCHIMAGO,АРХІМАГ,BAŞBÜYÜCÜ
title.master.business,MANAGER,MANAGER,MANAGER,प्रबंधक,MANAGER,MENEDŻER,МЕНЕДЖЕР,GERENTE,МЕНЕДЖЕР,MÜDÜR
title.master.tech,DEVELOPER,DÉVELOPPEUR,ENTWICKLER,डेवलपर,SVILUPPATORE,DEWELOPER,РАЗРАБОТЧИК,DESARROLLADOR,РОЗРОБНИК,GELİŞTİRİCİ
title.master.casual,BOSS,CHEF,BOSS,बॉस,CAPO,SZEF,БОСС,JEFE,БОС,PATRON
title.elder,ELDER,ANCIEN,ÄLTESTER,बुजुर्ग,ANZIANO,STARSZY,СТАРЕЙШИНА,ANCIANO,СТАРІЙШИНА,BÜYÜK
title.elder.mystic,SAGE,SAGE,WEISER,ऋषि,SAGGIO,MĘDRZEC,МУДРЕЦ,SABIO,МУДРЕЦЬ,BİLGE
title.elder.business,DIRECTOR,DIRECTEUR,DIREKTOR,निदेशक,DIRETTORE,DYREKTOR,ДИРЕКТОР,DIRECTOR,ДИРЕКТОР,DİREKTÖR
title.elder.tech,ROOT,RACINE,ROOT,रूट,ROOT,ROOT,РУТ,RAÍZ,РУТ,KÖK
title.elder.casual,BOOMER,BOOMER,BOOMER,बूमर,BOOMER,BOOMER,БУМЕР,BOOMER,БУМЕР,BOOMER
title.oracle,ORACLE,ORACLE,ORAKEL,ओरेकल,ORACOLO,WYROCZNIA,ОРАКУЛ,ORÁCULO,ОРАКУЛ,KAHİN
title.oracle.mystic,DIVINE,DIVIN,GÖTTLICH,दिव्य,DIVINO,BOSKI,БОЖЕСТВЕННЫЙ,DIVINO,БОЖЕСТВЕННИЙ,İLAHİ
title.oracle.business,CEO,PDG,CEO,सीईओ,CEO,CEO,ГЕНДИРЕКТОР,CEO,ГЕНДИРЕКТОР,CEO
title.oracle.tech,SUPERUSER,SUPER-UTILISATEUR,SUPERUSER,सुपरयूज़र,SUPERUTENTE,SUPERUŻYTKOWNIK,СУПЕРПОЛЬЗОВАТЕЛЬ,SUPERUSUARIO,СУПЕРКОРИСТУВАЧ,SÜPER KULLANICI
title.oracle.casual,GOD_MODE,MODE DIEU,GOD MODE,गॉड मोड,MODALITÀ DIO,TRYB BOGA,РЕЖИМ БОГА,MODO DIOS,РЕЖИМ БОГА,TANRI MODU
msg.syncing,SYNCHRONIZING...,SYNCHRONISATION...,SYNCHRONISIERUNG...,सिंक्रोनाइज़ हो रहा है...,SINCRONIZZAZIONE...,SYNCHRONIZACJA...,СИНХРОНИЗАЦИЯ...,SINCRONIZANDO...,СИНХРОНІЗАЦІЯ...,SENKRONİZE EDİLİYOR...
msg.syncing.mystic,ALIGNING LEY LINES...,ALIGNEMENT DES LIGNES LEY...,AUSRICHTUNG DER LEY-LINIEN...,ले लाइनों को संरेखित करना...,ALLINEAMENTO LINEE LEY...,WYRÓWNYWANIE LINII MOCY...,ВЫРАВНИВАНИЕ ЛИНИЙ ЛЕЙ...,ALINEANDO LÍNEAS LEY...,ВИРІВНЮВАННЯ ЛІНІЙ ЛЕЙ...,LEY HATLARI HİZALANIYOR...
msg.syncing.business,CONNECTING TO DATABASE...,CONNEXION À LA BASE DE DONNÉES...,DATENBANKVERBINDUNG...,डेटाबेस से जुड़ रहा है...,CONNESSIONE AL DATABASE...,ŁĄCZENIE Z BAZĄ DANYCH...,ПОДКЛЮЧЕНИЕ К БАЗЕ ДАННЫХ...,CONECTANDO A LA BASE DE DATOS...,ПІДКЛЮЧЕННЯ ДО БАЗИ ДАНИХ...,VERİTABANINA BAĞLANILIYOR...
msg.syncing.tech,SYNCING REPO...,SYNC DU REPO...,SYNC REPOSITORY...,रेपो सिंक हो रहा है...,SINCRONIZZAZIONE REPO...,SYNCHRONIZACJA REPO...,СИНХРОНИЗАЦИЯ РЕПО...,SINCRONIZANDO REPO...,СИНХРОНІЗАЦІЯ РЕПО...,REPO SENKRONİZE EDİLİYOR...
msg.syncing.casual,DOWNLOADING BRAIN...,CHARGEMENT DU CERVEAU...,HIRN-DOWNLOAD...,मस्तिष्क डाउनलोड हो रहा है...,DOWNLOAD CERVELLO...,POBIERANIE MÓZGU...,ЗАГРУЗКА МОЗГА...,DESCARGANDO CEREBRO...,ЗАВАНТАЖЕННЯ МІЗКІВ...,BEYİN İNDİRİLİYOR...
msg.transcending,TRANSCENDING,TRANSCENDANCE,TRANZENDENZ,परे जाना,TRASCENDENZA,TRANSCENDENCJA,ТРАНСЦЕНДЕНТНОСТЬ,TRASCENDENCIA,ТРАНСЦЕНДЕНТНІСТЬ,ÜSTÜNLÜK
msg.transcending.mystic,ASCENDING,ASCENSION,AUFSTIEG,आरोहण,ASCENSIONE,WSTĘPOWANIE,ВОСХОЖДЕНИЕ,ASCENDIENDO,ВОСХОДЖЕННЯ,YÜKSELİŞ
msg.transcending.business,PROMOTED,PROMU,BEFÖRDERT,पदोन्नत,PROMOSSO,AWANSOWANY,ПОВЫШЕН,PROMOVIDO,ПІДВИЩЕНО,TERFİ EDİLDİ
msg.transcending.tech,EVOLVING,ÉVOLUTION,EVOLUTION,विकसित हो रहा है,EVOLUZIONE,EWOLUCJA,ЭВОЛЮЦИЯ,EVOLUCIONANDO,ЕВОЛЮЦІЯ,EVRİLİYOR
msg.transcending.casual,LEVELING UP,MONTÉE DE NIVEAU,LEVEL UP,स्तर बढ़ना,LIVELLO SU,AWANS NA POZIOM,ПОВЫШЕНИЕ УРОВНЯ,SUBIENDO DE NIVEL,ПІДНЯТТЯ РІВНЯ,SEVİYE ATLANIYOR
menu.header.mystic,NEXUS ORACLE,ORACLE NEXUS,NEXUS-ORAKEL,नेक्सस ओरेकल,ORACOLO NEXUS,WYROCZNIA NEXUS,ОРАКУЛ НЕКСУСА,ORÁCULO NEXUS,ОРАКУЛ НЕКСУСУ,NEXUS KAHİNİ
menu.header.business,EXECUTIVE MENU,MENU EXÉCUTIF,EXECUTIVE-MENÜ,कार्यकारी मेनू,MENU ESECUTIVO,MENU MENEDŻERSKIE,ИСПОЛНИТЕЛЬНОЕ МЕНЮ,MENÚ EJECUTIVO,ВИКОНАВЧЕ МЕНЮ,YÖNETİCİ MENÜSÜ
menu.header.tech,SYSTEM CONTROL,CONTRÔLE SYSTÈME,SYSTEMSTEUERUNG,सिस्टम कंट्रोल,CONTROLLO SISTEMA,KONTROLA SYSTEMU,УПРАВЛЕНИЕ СИСТЕМОЙ,CONTROL DE SISTEMA,УПРАВЛІННЯ СИСТЕМОЮ,SİSTEM KONTROLÜ
menu.profile.mystic,INNER SANCTUM,SANCTUAIRE INTÉRIEUR,INNERES SANKTUARIUM,आंतरिक गर्भगृह,SANTUARIO INTERIORE,WEWNĘTRZNE SANKTUARIUM,ВНУТРЕННЕЕ СВЯТИЛИЩЕ,SANTUARIO INTERIOR,ВНУТРІШНЄ СВЯТИЛИЩЕ,İÇ TAPINAK
menu.profile.business,PROFESSIONAL PROFILE,PROFIL PROFESSIONNEL,BERUFSPROFIL,पेशेवर प्रोफाइल,PROFILO PROFESSIONALE,PROFIL ZAWODOWY,ПРОФЕССИОНАЛЬНЫЙ ПРОФИЛЬ,PERFIL PROFESIONAL,ПРОФЕСІЙНИЙ ПРОФІЛЬ,PROFESYONEL PROFİL
menu.profile.tech,USER DATA,DONNÉES UTILISATEUR,BENUTZERDATEN,उपयोगकर्ता डेटा,DATI UTENTE,DANE UŻYTKOWNIKA,ДАННЫЕ ПОЛЬЗОВАТЕЛЯ,DATOS DE USUARIO,ДАНІ КОРИСТУВАЧА,KULLANICI VERİLERİ
menu.aura.mystic,AURA,AURA,AURA,आभा,AURA,AURA,АУРА,AURA,АУРА,AURA
menu.aura.business,CORE VALUES,VALEURS FONDAMENTALES,KERNWERTE,मूल मूल्य,VALORI CORE,WARTOŚCI KLUCZOWE,КЛЮЧЕВЫЕ ЦЕННОСТИ,VALORES FUNDAMENTALES,КЛЮЧОВІ ЦІННОСТІ,TEMEL DEĞERLER
menu.aura.tech,SPECTRUM CONFIG,CONFIG DU SPECTRE,SPEKTRUM-KONFIG,स्पेक्ट्रम कॉन्फिग,CONFIG SPETTRO,KONFIGURACJA WIDMA,КОНФИГ СПЕКТРА,CONFIG DE ESPECTRO,КОНФІГ СПЕКТРУ,SPEKTRUM YAPILANDIRMASI
menu.feed.mystic,LEY LINE VIBRATIONS,VIBRATIONS DES LIGNES LEY,LEY-LINIEN-VIBRATIONEN,ले लाइन कंपन,VIBRAZIONI LINEE LEY,WIBRACJE LINII MOCY,ВИБРАЦИИ ЛИНИЙ ЛЕЙ,VIBRACIONES DE LÍNEAS LEY,ВІБРАЦІЇ ЛІНІЙ ЛЕЙ,LEY HATTI TİTREŞİMLERİ
menu.feed.business,MARKET FEED,FLUX DU MARCHÉ,MARKT-FEED,मार्केट फीड,FEED DI MERCATO,WIEŚCI Z RYNKU,РЫНОЧНАЯ ЛЕНТА,FLUJO DE MERCADO,РИНКОВА СТРІЧКА,PAZAR AKIŞI
menu.feed.tech,SYSTEM LOGS,LOGS SYSTÈME,SYSTEMPROTOKOLLE,सिस्टम लॉग,LOG DI SISTEMA,LOGI SYSTEMOWE,СИСТЕМНЫЕ ЛОГИ,LOGS DE SISTEMA,СИСТЕМНІ ЛОГИ,SİSTEM GÜNLÜKLERİ
menu.vault.mystic,TREASURY OF TIME,TRÉSOR DU TEMPS,SCHATZKAMMER DER ZEIT,समय का खजाना,TESORO DEL TEMPO,SKARBIEC CZASU,СОКРОВИЩНИЦА ВРЕМЕНИ,TESORO DEL TIEMPO,СКАРБНИЦЯ ЧАСУ,ZAMAN HAZİNESİ
menu.vault.business,ASSET VAULT,COFFRE D'ACTIFS,ASSET-TRESOR,संपत्ति तिजोरी,CAVEAU DEGLI ASSET,SKARBIEC AKTYWÓW,ХРАНИЛИЩЕ АКТИВОВ,BÓVEDA DE ACTIVOS,СХОВИЩЕ АКТИВІВ,VARLIK MAHZENİ
menu.vault.tech,DATA STORAGE,STOCKAGE DE DONNÉES,DATENSPEICHER,डेटा स्टोरेज,ARCHIVIAZIONE DATI,PRZECHOWYWANIE DANYCH,ХРАНИЛИЩЕ ДАННЫХ,ALMACENAMIENTO DE DATOS,СХОВИЩЕ ДАНИХ,VERİ DEPOLAMA
radar.ready.mystic,GAZE INTO THE ETHER,REGARDER DANS L'ÉTHER,BLICK IN DEN ÄTHER,ईथर में देखें,SGUARDO NELL'ETERE,SPOJRZENIE W ETER,ВЗГЛЯД В ЭФИР,MIRADA AL ÉTER,ПОГЛЯД В ЕФІР,ETERE BAK
radar.ready.business,READY TO NETWORK,PRÊT POUR LE RÉSEAU,BEREIT ZUM NETZWERKEN,नेटवर्किंग के लिए तैयार,PRONTO PER IL NETWORKING,GOTOWY DO NETWORKINGU,ГОТОВ К НЕТВОРКИНГУ,LISTO PARA NETWORKING,ГОТОВИЙ ДО НЕТВОРКІНГУ,AĞ KURMAYA HAZIR
radar.ready.tech,SCANNING FREQUENCIES,BALAYAGE DES FRÉQUENCES,FREQUENZEN SCANNEN,आवृत्तियों को स्कैन करना,SCANSIONE FREQUENZE,SKANOWANIE CZĘSTOTLIWOŚCI,СКАНИРОВАНИЕ ЧАСТОТ,ESCANEO DE FRECUENCIAS,СКАНУВАННЯ ЧАСТОТ,FREKANSLAR TARANIYOR
radar.searching.mystic,SEEKING DESTINED ECHOES...,RECHERCHE D'ÉCHOS DESTINÉS...,SUCHE NACH BESTIMMTEN ECHOES...,भाग्यशाली गूँज की तलाश...,RICERCA ECHI DESTINATI...,POSZUKIWANIE PRZEZNACZONYCH ECHO...,ПОИСК СУДЬБОНОСНЫХ ЭХО...,BUSCANDO ECOS DESTINADOS...,ПОШУК ДОЛЕНОСНИХ ЕХО...,KADER YANKILARI ARANIYOR...
radar.searching.business,SEARCHING FOR ASSETS...,RECHERCHE D'ACTIFS...,SUCHE NACH ASSETS...,संपत्ति की तलाश...,RICERCA DI ASSET...,POSZUKIWANIE AKTYWÓW...,ПОИСК АКТИВОВ...,BUSCANDO ACTIVOS...,ПОШУК АКТИВІВ...,VARLIKLAR ARANIYOR...
radar.searching.tech,PARSING SPECTRAL DATA...,ANALYSE DES DONNÉES SPECTRALES...,SPEKTRALDATEN PARSEN...,स्पेक्ट्रल डेटा पार्स करना...,PARSING DATI SPETTRALI...,PARSOWANIE DANYCH WIDMOWYCH...,ПАРСИНГ СПЕКТРАЛЬНЫХ ДАННЫХ...,PROCESANDO DATOS ESPECTRALES...,ПАРСИНГ СПЕКТРАЛЬНИХ ДАНИХ...,SPEKTRAL VERİLER AYRIŞTIRILIYOR...
radar.located.mystic,SYMMETRY MANIFESTED!,SYMÉTRIE MANIFESTÉE !,SYMMETRIE MANIFESTIERT!,समरूपता प्रकट हुई!,SIMMETRIA MANIFESTATA!,SYMETRIA MANIFESTOWANA!,СИММЕТРИЯ ПРОЯВЛЕНА!,¡SIMETRÍA MANIFESTADA!,СИМЕТРІЯ ПРОЯВЛЕНА!,SİMETRİ TEZAHÜR ETTİ!
radar.located.business,TARGET ACQUIRED!,CIBLE ACQUISE !,ZIEL ERFASST!,लक्ष्य प्राप्त हुआ!,TARGET ACQUISITO!,CEL OSIĄGNIĘTY!,ЦЕЛЬ ОБНАРУЖЕНА!,¡OBJETIVO ADQUIRIDO!,ЦІЛЬ ВИЯВЛЕНО!,HEDEF BELİRLENDİ!
radar.located.tech,NODES CONNECTED!,NOEUDS CONNECTÉS !,KNOTEN VERBUNDEN!,नोड्स जुड़े हुए हैं!,NODI CONNESSI!,WĘZŁY POŁĄCZONE!,УЗЛЫ ПОДКЛЮЧЕНЫ!,¡NODOS CONECTADOS!,ВУЗЛИ ПІДКЛЮЧЕНО!,DÜĞÜMLER BAĞLANDI!
feed.btn.resonate.mystic,CHANNEL ✨,CANALISER ✨,KANALISIEREN ✨,चैनल ✨,CANALIZZA ✨,KANALIZUJ ✨,КАНАЛИЗИРОВАТЬ ✨,CANALIZAR ✨,КАНАЛІЗУВАТИ ✨,KANALİZE ET ✨
feed.btn.resonate.business,ENDORSE 🤝,APPROUVER 🤝,EMPFEHLEN 🤝,समर्थन 🤝,APPROVA 🤝,POPRZYJ 🤝,ПОДДЕРЖАТЬ 🤝,RECOMENDAR 🤝,ПІДТРИМАТИ 🤝,ONAYLA 🤝
feed.btn.resonate.tech,LINK 🔗,LIER 🔗,VERLINKEN 🔗,लिंक 🔗,COLLEGA 🔗,POŁĄCZ 🔗,СВЯЗАТЬ 🔗,VINCULAR 🔗,ПОВ'ЯЗАТИ 🔗,BAĞLA 🔗
feed.btn.resonate.casual,LIKE ❤️,AIMER ❤️,LIKE ❤️,पसंद ❤️,MI PIACE ❤️,LUBIĘ ❤️,ЛАЙК ❤️,ME GUSTA ❤️,ЛАЙК ❤️,BEĞEN ❤️
feed.btn.resonating.mystic,CHANNELED ✦,CANALISÉ ✦,GEKANALISIERT ✦,चैनल किया गया ✦,CANALIZZATO ✦,SKANALIZOWANO ✦,КАНАЛИЗИРОВАНО ✦,CANALIZADO ✦,КАНАЛІЗОВАНО ✦,KANALİZE EDİLDİ ✦
feed.btn.resonating.business,ENDORSED ✦,APPROUVÉ ✦,EMPFOHLEN ✦,समर्थित ✦,APPROVATO ✦,POPARTO ✦,ПОДДЕРЖАНО ✦,RECOMENDADO ✦,ПІДТРИМАНО ✦,ONAYLANDI ✦
feed.btn.resonating.tech,LINKED ✦,LIÉ ✦,VERLINKT ✦,लिंक्ड ✦,COLLEGATO ✦,POŁĄCZONO ✦,СВЯЗАНО ✦,VINCULADO ✦,ПОВ'ЯЗАНО ✦,BAĞLANDI ✦
feed.btn.resonating.casual,LIKED ✦,AIMÉ ✦,GELIKED ✦,पसंद किया गया ✦,MI PIACE ✦,POLUBIONO ✦,ЛАЙКНУТО ✦,ME GUSTA ✦,ЛАЙКНУТО ✦,BEĞENİLDİ ✦
feed.lbl.vector.mystic,Vector: {0} Soul/hr,Vecteur : {0} Âme/h,Vektor: {0} Seele/Std,वेक्टर: {0} आत्मा/घंटा,Vettore: {0} Anima/ora,Wektor: {0} Dusza/h,Вектор: {0} Душ/час,Vector: {0} Alma/h,Вектор: {0} Душ/год,Vektör: {0} Ruh/saat
feed.lbl.vector.business,Output: {0} Asset/hr,Production : {0} Actif/h,Output: {0} Asset/Std,आउटपुट: {0} संपत्ति/घंटा,Output: {0} Asset/ora,Wynik: {0} Aktywa/h,Выход: {0} Активов/час,Producción: {0} Activo/h,Вихід: {0} Активів/год,Çıktı: {0} Varlık/saat
feed.lbl.vector.tech,Throughput: {0} Op/sec,Débit : {0} Op/sec,Durchsatz: {0} Op/Sek,थ्रूपुट: {0} ऑप/सेकंड,Throughput: {0} Op/sec,Przepustowość: {0} Op/sek,Пропускная способность: {0} Оп/сек,Rendimiento: {0} Op/seg,Пропускна здатність: {0} Оп/сек,Verim: {0} Op/sn
feed.lbl.transforms.mystic,Essence,Essence,Essenz,तत्व,Essenza,Esencja,Эссенция,Esencia,Есенція,Öz
feed.lbl.transforms.business,Revenue,Revenu,Einnahmen,राजस्व,Ricavo,Przychód,Доход,Ingresos,Дохід,Gelir
feed.lbl.transforms.tech,Cycles,Cycles,Zyklen,चक्र,Cicli,Cykle,Циклы,Ciclos,Цикли,Döngüler
symmetry.hold_hint,HOLD TO ALIGN,TENIR POUR ALIGNER,HALTEN ZUM AUSRICHTEN,संरेखित करने के लिए दबाए रखें,TIENI PER ALLINEARE,"PRZYTRZYMAJ, ABY WYRÓWNAĆ",УДЕРЖИВАЙТЕ ДЛЯ ВЫРАВНИВАНИЯ,MANTENER PARA ALINEAR,УТРИМУЙТЕ ДЛЯ ВИРІВНЮВАННЯ,HİZALAMAK İÇİN BASILI TUTUN
symmetry.hold_hint.mystic,MERGE YOUR SPIRIT,FUSIONNEZ VOTRE ESPRIT,VERSCHMELZE DEINEN GEIST,अपनी आत्मा को विलीन करें,FONDETE IL VOSTRO SPIRITO,POŁĄCZ SWOJEGO DUCHA,СЛЕЙТЕСЬ ДУХОМ,FUSIONA TU ESPÍRITU,ЗЛИЙТЕСЯ ДУХОМ,RUHUNUZU BİRLEŞTİRİN
symmetry.hold_hint.business,HOLD TO CONFIRM PARTNERSHIP,TENIR POUR CONFIRMER LE PARTENARIAT,HALTEN ZUM BESTÄTIGEN DER PARTNERSCHAFT,साझेदारी की पुष्टि करने के लिए दबाए रखें,TIENI PER CONFERMARE LA PARTNERSHIP,"PRZYTRZYMAJ, ABY POTWIERDZIĆ PARTNERSTWO",УДЕРЖИВАЙТЕ ДЛЯ ПОДТВЕРЖДЕНИЯ ПАРТНЕРСТВА,MANTENER PARA CONFIRMAR ALIANZA,УТРИМУЙТЕ ДЛЯ ПІДТВЕРДЖЕННЯ ПАРТНЕРСТВА,ORTAKLIĞI ONAYLAMAK İÇİN BASILI TUTUN
symmetry.hold_hint.tech,MAINTAIN UPLINK,MAINTENIR LA LIAISON MONTANTE,UPLINK AUFRECHTERHALTEN,अपलिंक बनाए रखें,MANTIENI UPLINK,UTRZYMAJ POŁĄCZENIE,ПОДДЕРЖИВАЙТЕ СВЯЗЬ,MANTENER UPLINK,ПІДТРИМУЙТЕ ЗВ’ЯЗОК,BAĞLANTIYI KORU
oracle.wisdom_header,ORACLE WISDOM,SAGESSE DE L'ORACLE,ORAKEL-WEISHEIT,ओरेकल ज्ञान,SAGGEZZA DELL'ORACOLO,MĄDROŚĆ WYROCZNI,МУДРОСТЬ ОРАКУЛА,SABIDURÍA DEL ORÁCULO,МУДРІСТЬ ОРАКУЛА,KAHİN BİLGELİĞİ
oracle.wisdom_header.mystic,ETHEREAL WHISPERS,MUMURES ÉTHÉRÉS,ÄTHERISCHES FLÜSTERN,अलौकिक कानाफूसी,SUSSURRI ETEREI,ETERYCZNE SZEPTY,ЭФИРНЫЙ ШЕПОТ,SUSURROS ETÉREOS,ЕФІРНИЙ ШЕПІТ,ETERİK FISILTILAR
oracle.wisdom_header.business,EXECUTIVE INSIGHTS,APERÇUS EXÉCUTIFS,EXECUTIVE INSIGHTS,कार्यकारी अंतर्दृष्टि,APPROFONDIMENTI ESECUTIVI,WGLĄD MENEDŻERSKI,ИСПОЛНИТЕЛЬНЫЕ ИНСАЙТЫ,PERSPECTIVAS EJECUTIVAS,ВИКОНАВЧІ ІНСАЙТИ,YÖNETİCİ GÖRÜŞLERİ
oracle.wisdom_header.tech,CORE ANALYSIS,ANALYSE DE CŒUR,KERNANALYSE,कोर विश्लेषण,ANALISI CORE,ANALIZA RDZENIA,АНАЛИЗ ЯДРА,ANÁLISIS DE NUCLEO,АНАЛІЗ ЯДРА,ÇEKİRDEK ANALİZ
msg.oracle_err_turbulent,The cosmic flows are turbulent. Try again later.,Les flux cosmiques sont turbulents. Réessayez plus tard.,Die kosmischen Ströme sind turbulent. Versuche es später noch einmal.,ब्रह्मांडीय प्रवाह अशांत है। बाद में पुन: प्रयास करें।,I flussi cosmici sono turbolenti. Riprova più tardi.,Kosmiczne przepływy są niespokojne. Spróbuj później.,Космические потоки турбулентны. Попробуйте позже.,Los flujos cósmicos son turbulentos. Intenta más tarde.,Космічні потоки турбулентні. Спробуйте пізніше.,Kozmik akışlar çalkantılı. Daha sonra tekrar deneyin.
msg.oracle_err_turbulent.mystic,The stars are veiled in shadow. Reconnect when the currents clear.,Les étoiles sont voilées d'ombre. Reconnectez-vous quand les courants s'éclaircissent.,"Die Sterne sind in Schatten gehüllt. Verbinde dich erneut, wenn die Strömungen klar sind.",सितारे छाया में छिपे हैं। धाराएँ साफ होने पर पुन: कनेक्ट करें।,Le stelle sono velate d'ombra. Riconnettiti quando le correnti si schiariscono.,"Gwiazdy są spowite cieniem. Połącz się ponownie, gdy prądy się oczyszczą.","Звезды окутаны тенью. Подключитесь снова, когда потоки прояснятся.",Las estrellas están veladas en sombras. Reconecta cuando las corrientes se aclaren.,"Зірки оповиті тінню. Підключіться знову, коли потоки проясняться.",Yıldızlar gölgeye bürünmüş. Akıntılar durulduğunda tekrar bağlanın.
msg.oracle_err_turbulent.business,Network connection unstable. Please re-initiate consultation later.,Connexion réseau instable. Veuillez réinitialiser la consultation plus tard.,Netzwerkverbindung instabil. Bitte Beratungsgespräch später erneut einleiten.,नेटवर्क कनेक्शन अस्थिर। कृपया बाद में परामर्श फिर से शुरू करें।,Connessione instabile. Riavvia la consultazione più tardi.,Połączenie sieciowe niestabilne. Proszę wznowić konsultację później.,"Сетевое соединение нестабильно. Пожалуйста, возобновите консультацию позже.",Conexión inestable. Reinicia la consulta más tarde.,"Мережеве з'єднання нестабільне. Будь ласка, відновіть консультацію пізніше.",Ağ bağlantısı kararsız. Lütfen danışmanlığı daha sonra tekrar başlatın.
msg.oracle_err_turbulent.tech,Packet loss detected in the Aether. Retrying handshake failed. Try later.,Perte de paquets détectée dans l'Éther. Échec de la poignée de main. Réessayez plus tard.,Paketverlust im Äther festgestellt. Handshake fehlgeschlagen. Später versuchen.,ईथर में पैकेट हानि का पता चला। हैंडशेक विफल। बाद में प्रयास करें।,Rilevata perdita di pacchetti nell'Etere. Handshake fallito. Riprova.,Wykryto utratę pakietów w Eterze. Handshake nieudany. Spróbuj później.,Обнаружена потеря пакетов в Эфире. Ошибка рукопожатия. Повторите позже.,Pérdida de paquetes detectada. Error de protocolo. Intenta más tarde.,Виявлено втрату пакетів в Ефірі. Помилка рукостискання. Спробуйте пізніше.,Aether'da paket kaybı saptandı. Protokol hatası. Daha sonra deneyin.
lbl.vision,VISION,VISION,SICHT,दृष्टि,VISIONE,WIZJA,ЗРЕНИЕ,VISIÓN,ЗІР,VİZYON
oracle.sanctuary,ORACLE SANCTUARY,SANCTUAIRE DE L'ORACLE,ORAKEL-HEILIGTUM,ओरेकल अभयारण्य,SANTUARIO DELL'ORACOLO,SANKTUARIUM WYROCZNI,СВЯТИЛИЩЕ ОРАКУЛА,SANTUARIO DEL ORÁCULO,СВЯТИЛИЩЕ ОРАКУЛА,KAHİN TAPINAĞI
btn.exit_silence,EXIT SILENCE,QUITTER LE SILENCE,STILLE VERLASSEN,मौन से बाहर निकलें,ESCI DAL SILENZIO,OPUŚĆ CISZĘ,ВЫЙТИ ИЗ ТИШИНЫ,SALIR DEL SILENCIO,ВИЙТИ З ТИШІ,SESSİZLİKTEN ÇIK
msg.err_silence_absolute,The silence is absolute today. Try again later.,Le silence est absolu aujourd'hui. Réessayez plus tard.,Die Stille ist heute absolut. Versuche es später noch einmal.,आज सन्नाटा छाया हुआ है। बाद में पुन: प्रयास करें।,Il silenzio è assoluto oggi. Riprova più tardi.,Cisza jest dzisiaj absolutna. Spróbuj później.,Сегодня тишина абсолютна. Попробуйте позже.,El silencio es absoluto hoy. Intenta más tarde.,Сьогодні тиша абсолютна. Спробуйте пізніше.,Bugün sessizlik hakim. Daha sonra tekrar deneyin.
init.persona_question,Choose your resonance style.,Choisissez votre style de résonance.,Wähle deinen Resonanzstil.,अपनी प्रतिध्वनि शैली चुनें।,Scegli il tuo stile di risonanza.,Wybierz styl rezonansu.,Выберите стиль резонанса.,Elige tu estilo de resonancia.,Оберіть стиль резонансу.,Rezonans stilinizi seçin.
init.persona_question.mystic,Which path does your soul whisper?,Quel chemin votre âme murmure-t-elle ?,Welchen Weg flüstert deine Seele?,आपकी आत्मा किस पथ की फुसफुसाहट करती है?,Quale sentiero sussurra la tua anima?,Którą ścieżkę szepcze twoja dusza?,Какой путь шепчет ваша душа?,¿Qué camino susurra tu alma?,Який шлях шепоче ваша душа?,Ruhunuz hangi yolu fısıldıyor?
init.persona_question.business,Select your professional communication tone.,Sélectionnez votre ton de communication professionnel.,Wählen Sie Ihren professionellen Kommunikationston.,अपना पेशेवर संचार टोन चुनें।,Seleziona il tuo tono di comunicazione professionale.,Wybierz swój profesjonalny ton komunikacji.,Выберите свой профессиональный тон общения.,Selecciona tu tono de comunicación profesional.,Оберіть свій професійний тон спілкування.,Profesyonel iletişim tonunuzu seçin.
init.persona_question.tech,Configure interaction protocol.,Configurer le protocole d'interaction.,Interaktionsprotokoll konfigurieren.,इंटरैक्शन प्रोटोकॉल कॉन्फ़िगर करें।,Configura il protocollo di interazione.,Skonfiguruj protokół interakcji.,Настройте протокол взаимодействия.,Configurar protocolo de interacción.,Налаштуйте протокол взаємодії.,Etkileşim protokolünü yapılandırın.
init.persona_question.casual,How should we talk?,Comment devrions-nous parler ?,Wie sollen wir reden?,हमें कैसे बात करनी चाहिए?,Come dovremmo parlare?,Jak powinniśmy rozmawiać?,Как нам общаться?,¿Cómo deberíamos hablar?,Як нам спілкуватися?,Nasıl konuşmalıyız?
oracle.persona_confirmed,Persona updated.,Persona mise à jour.,Persona aktualisiert.,पर्सोना अपडेट किया गया।,Persona aggiornata.,Persona zaktualizowana.,Персона обновлена.,Persona actualizada.,Персону оновлено.,Persona güncellendi.
oracle.persona_confirmed.mystic,Your vibration has been realigned.,Votre vibration a été réalignée.,Deine Schwingung wurde neu ausgerichtet.,आपकी कंपन को फिर से संरेखित किया गया है।,La tua vibrazione è stata riallineata.,Twoja wibracja została wyrównana.,Ваша вибрация была перенастроена.,Tu vibración ha sido realineada.,Вашу вібрацію було переналаштовано.,Titreşiminiz yeniden hizalandı.
oracle.persona_confirmed.business,Profile settings successfully synchronized.,Paramètres du profil synchronisés avec succès.,Profileinstellungen erfolgreich synchronisiert.,प्रोफ़ाइल सेटिंग्स सफलतापूर्वक सिंक्रनाइज़ की गईं।,Impostazioni del profilo sincronizzate con successo.,Ustawienia profilu pomyślnie zsynchronizowane.,Настройки профиля успешно синхронизированы.,Ajustes de perfil sincronizados con éxito.,Налаштування профілю успішно синхронізовано.,Profil ayarları başarıyla senkronize edildi.
oracle.persona_confirmed.tech,Interface protocol updated.,Protocole d'interface mis à jour.,Schnittstellenprotokoll aktualisiert.,इंटरफेस प्रोटोकॉल अपडेट किया गया।,Protocollo di interfaccia aggiornato.,Protokół interfejsu zaktualizowany.,Протокол интерфейса обновлен.,Protocolo de interfaz actualizado.,Протокол інтерфейсу оновлено.,Arayüz protokolü güncellendi.
oracle.persona_confirmed.casual,Got it! Switching styles now.,Compris ! Je change de style maintenant.,Verstanden! Wechsle jetzt den Stil.,समझ गया! अब स्टाइल बदल रहा हूँ।,Ricevuto! Cambio stile ora.,Jasne! Zmieniam styl.,Понял! Мені стиль.,¡Entendido! Cambiando estilo.,Зрозумів! Змінюю стиль.,Anlaşıldı! Stiller değiştiriliyor.
oracle.scale_intro,The Eye perceives all.,L'Oeil perçoit tout.,Das Auge nimmt alles wahr.,आंख सब कुछ देखती है।,L'Occhio percepisce tutto.,Oko postrzega wszystko.,Око видит всё.,El Ojo lo percibe todo.,Око бачить усе.,Göz her şeyi algılar.
oracle.scale_intro.mystic,Step into the stream of causality.,Entrez dans le flux de la causalité.,Tritt in den Strom der Kausalität.,कारणता की धारा में कदम रखें।,Entra nel flusso della causalità.,Wejdź w strumień przyczynowości.,Шагните в поток причинно-следственных связей.,Entra en el flujo de la causalidad.,Крокніть у потік причинно-наслідкових зв'язків.,Nedensellik akışına adım atın.
oracle.scale_intro.business,Initiating predictive analysis module.,Initialisation du module d'analyse prédictive.,Prädiktives Analysemodul wird gestartet.,भविष्यवाणी विश्लेषण मॉड्यूल शुरू किया जा रहा है।,Inizializzazione del modulo di analisi predittiva.,Inicjowanie modułu analizy predykcyjnej.,Инициализация модуля прогнозного анализа.,Iniciando módulo de análisis predictivo.,Ініціалізація модуля прогнозного аналізу.,Öngörücü analiz modülü başlatılıyor.
oracle.scale_intro.tech,Accessing neural metadata.,Accès aux métadonnées neurales.,Zugriff auf neuronale Metadaten.,तंत्रिका मेटाडेटा तक पहुँचना।,Accesso ai metadati neurali.,Dostęp do metadanych neuronowych.,Доступ к нейронным метаданным.,Accediendo a metadatos neuronales.,Доступ до нейронних метаданих.,Sinirsel meta verilere erişiliyor.
persona.mystic,MYSTIC,MYSTIQUE,MYSTISCH,रहस्यवादी,MISTICO,MISTYK,МИСТИК,MÍSTICO,МІСТИК,MİSTİK
persona.business,BUSINESS,AFFAIRES,BUSINESS,व्यापार,BUSINESS,BIZNES,БИЗНЕС,NEGOCIOS,БІЗНЕС,İŞ DÜNYASI
persona.tech,TECH,TECH,TECH,तकनीक,TECH,TECH,ТЕХНО,TECH,ТЕХНО,TEKNOLOJİ
persona.casual,CASUAL,DÉCONTRACTÉ,CASUAL,कैजुअल,CASUAL,LUŹNY,ОБЫЧНЫЙ,CASUAL,ЗВИЧАЙНИЙ,GÜNLÜK
lbl.scale_small,SMALL,PETIT,KLEIN,छोटा,PICCOLO,MAŁY,МАЛЫЙ,PEQUEÑO,МАЛИЙ,KÜÇÜK
lbl.scale_medium,MEDIUM,MOYEN,MITTEL,मध्यम,MEDIO,ŚREDNI,СРЕДНИЙ,MEDIO,СЕРЕДНІЙ,ORTA
lbl.scale_large,LARGE,GRAND,GROSS,बड़ा,GRANDE,DUŻY,БОЛЬШОЙ,GRANDE,ВЕЛИКИЙ,BÜYÜK
msg.sample_text,Resonance Sample,Échantillon de résonance,Resonanz-Stichprobe,प्रतिध्वनि नमूना,Campione di risonanza,Próbka rezonansu,Образец резонанса,Muestra de resonancia,Зразок резонансу,Rezonans Örneği
nav.radar.mystic,COMPASS,BOUSSOLE,KOMPASS,कम्पास,BUSSOLA,KOMPAS,КОМПАС,BRÚJULA,КОМПАС,PUSULA
nav.feed.mystic,CHRONICLES,CHRONIQUES,CHRONIKEN,कालक्रम,CRONACHE,KRONIKI,ХРОНИКИ,CRÓNICAS,ХРОНІКИ,KRONİKLER
nav.feed.business,NETWORK,RÉSEAU,NETZWERK,नेटवर्क,RETE,SIEĆ,СЕТЬ,RED,МЕРЕЖА,AĞ
nav.feed.tech,DATASTREAM,FLUX DE DONNÉES,DATENSTROM,डेटास्ट्रीम,FLUSSO DATI,STRUMIEŃ DANYCH,ПОТОК ДАННЫХ,FLUJO DE DATOS,ПОТІК ДАНИХ,VERİ AKIŞI
nav.vault.mystic,TREASURY,TRÉSORERIE,SCHATZKAMMER,खजाना,TESORERIA,SKARBIEC,СОКРОВИЩНИЦА,TESORERÍA,СКАРБНИЦЯ,HAZİNE
nav.vault.business,ASSETS,ACTIFS,VERMÖGENSWERTE,संपत्ति,ASSET,AKTYWA,АКТИВЫ,ACTIVOS,АКТИВИ,VARLIKLAR
nav.vault.tech,STORAGE,STOCKAGE,SPEICHER,स्टोरेज,ARCHIVIAZIONE,PRZECHOWYWANIE,ХРАНИЛИЩЕ,ALMACENAMIENTO,СХОВИЩЕ,DEPOLAMA
nav.oracle.mystic,SANCTUM,SANCTUAIRE,SANKTUARIUM,गर्भगृह,SANTUARIO,SANKTUARIUM,СВЯТИЛИЩЕ,SANTUARIO,СВЯТИЛИЩЕ,TAPINAK
nav.oracle.business,CONSULTANT,CONSULTANT,BERATER,सलाहकार,CONSULENTE,KONSULTANT,КОНСУЛЬТАНТ,CONSULTOR,КОНСУЛЬТАНТ,DANIŞMAN
nav.oracle.tech,INTERFACE,INTERFACE,SCHNITTSTELLE,इंटरफेस,INTERFACCIA,INTERFEJS,ИНТЕРФЕЙС,INTERFAZ,ІНТЕРФЕЙС,ARAYÜZ
essence.header.mystic,RESONATE YOUR SPIRIT,FAITES RÉSONNER VOTRE ESPRIT,LASS DEINEN GEIST RESONIEREN,अपनी आत्मा को प्रतिध्वनित करें,FA RISUONARE IL TUO SPIRITO,ZAREZONUJ SWOIM DUCHEM,РЕЗОНИРУЙТЕ СВОИМ ДУХОМ,RESONA TU ESPÍRITU,ПРОЯВІТЬ СВІЙ ДУХ,RUHUNUZU REZONANSA GETİRİN
vault.header.mystic,TREASURY OF TIME,TRÉSOR DU TEMPS,SCHATZKAMMER DER ZEIT,समय का खजाна,TESORO DEL TEMPO,SKARBIEC CZASU,СОКРОВИЩНИЦА ВРЕМЕНИ,TESORO DEL TIEMPO,СКАРБНИЦЯ ЧАСУ,ZAMAN HAZİNESİ
vault.header.business,ASSET REPOSITORY,RÉPERTOIRE D'ACTIFS,ASSET-REPOSITOIRE,संपत्ति भंडार,REPOSITORY DEGLI ASSET,REPOZYTORIUM AKTYWÓW,РЕПОЗИТОРИЙ АКТИВОВ,REPOSITORIO DE ACTIVOS,РЕПОЗИТОРІЙ АКТИВІВ,VARLIK DEPOSU
vault.header.tech,ENCRYPTED DATA VAULT,COFFRE DE DONNÉES CHIFFRÉES,VERSCHLÜSSELTER DATENTRESOR,एन्क्रिप्टेड डेटा वॉल्ट,VAULT DATI CRITTOGRAFATI,ZASZYFROWANY SKARBIEC DANYCH,ЗАШИФРОВАННОЕ ХРАНИЛИЩЕ,BÓVEDA DE DATOS CIFRADOS,ЗАШИФРОВАНЕ СХОВИЩЕ,ŞİFRELİ VERİ MAHZENİ
nav.feed.casual,STORIES,HISTOIRES,STORYS,कहानियाँ,STORIE,HISTORIE,ИСТОРИИ,HISTORIAS,ІСТОРІЇ,HİKAYELER
nav.vault.casual,MY STUFF,MES TRUCS,MEIN KRAM,मेरा सामान,LE MIE COSE,MOJE RZECZY,МОИ ВЕЩИ,MIS COSAS,МОЇ РЕЧІ,EŞYALARIM
nav.oracle.casual,CHAT,DISCUTER,CHAT,चैट,CHAT,CZAT,ЧАТ,CHAT,ЧАТ,SOHBET
vault.btn_watch_ad,👁️ WATCH AD (+1 CONTRACT SLOT),👁️ VOIR UNE PUB (+1 CONTRAT),👁️ WERBUNG SEHEN (+1 VERTRAG),👁️ विज्ञापन देखें (+1 अनुबंध),👁️ GUARDA ANNUNCIO (+1 CONTRATTO),👁️ OBEJRZYJ REKLAMĘ (+1 KONTRAKT),👁️ СМОТРЕТЬ РЕКЛАМУ (+1 КОНТРАКТ),👁️ VER ANUNCIO (+1 CONTRATO),👁️ ДИВИТИСЬ РЕКЛАМУ (+1 КОНТРАКТ),👁️ REKLAM İZLE (+1 SÖZLEŞME)
vault.btn_buy_starter,🛒 BUY STARTER PACK (10 HORAS),🛒 KIT DE DÉMARRAGE (10 HORAS),🛒 STARTER-PAKET (10 HORAS),🛒 स्टार्टर पैक खरीदें (10 होरस),🛒 PACCHETTO INIZIALE (10 HORAS),🛒 PAKIET STARTOWY (10 HORAS),🛒 КУПИТЬ СТАРТОВЫЙ ПАКЕТ (10 ХОР),🛒 COMPRAR PACK INICIO (10 HORAS),🛒 КУПИТИ СТАРТОВИЙ ПАКЕТ (10 ХОР),🛒 BAŞLANGIÇ PAKETİ AL (10 HORAS)
vault.btn_open_shop,💎 REFILL QUANTS,💎 RECHARGER LES QUANTS,💎 QUANTEN AUFLADEN,💎 क्वान्ट्स रीफिल करें,💎 RICARICA QUANT,💎 DOŁADUJ KWANTY,💎 ПОПОЛНИТЬ КВАНТЫ,💎 RECARGAR CUANTOS,💎 ПОПОВНИТИ КВАНТИ,💎 KUANT DOLDUR

